item_id,total_sales
FOODS_1_001,12247
FOODS_1_002,7334
FOODS_1_003,13394
FOODS_1_004,129481
FOODS_1_005,22914
FOODS_1_006,22320
FOODS_1_008,3949
FOODS_1_009,7135
FOODS_1_010,6097
FOODS_1_011,10131
FOODS_1_012,85122
FOODS_1_013,24476
FOODS_1_014,13443
FOODS_1_015,12497
FOODS_1_016,13710
FOODS_1_017,7458
FOODS_1_018,133105
FOODS_1_019,63703
FOODS_1_020,16880
FOODS_1_021,27684
FOODS_1_022,3008
FOODS_1_023,30415
FOODS_1_024,21194
FOODS_1_025,9281
FOODS_1_026,9522
FOODS_1_027,36540
FOODS_1_028,14223
FOODS_1_029,4609
FOODS_1_030,7616
FOODS_1_031,19850
FOODS_1_032,125878
FOODS_1_033,2632
FOODS_1_034,6276
FOODS_1_035,8910
FOODS_1_036,25232
FOODS_1_037,17746
FOODS_1_038,12100
FOODS_1_039,4609
FOODS_1_040,26066
FOODS_1_041,14670
FOODS_1_042,46194
FOODS_1_043,128933
FOODS_1_044,28223
FOODS_1_045,28353
FOODS_1_046,126250
FOODS_1_047,19678
FOODS_1_048,8021
FOODS_1_049,11705
FOODS_1_050,5069
FOODS_1_051,12633
FOODS_1_052,12884
FOODS_1_053,7349
FOODS_1_054,22681
FOODS_1_055,56993
FOODS_1_056,3071
FOODS_1_057,3738
FOODS_1_058,54082
FOODS_1_059,10509
FOODS_1_060,3304
FOODS_1_061,40287
FOODS_1_062,10646
FOODS_1_063,18539
FOODS_1_064,11429
FOODS_1_065,11572
FOODS_1_066,16760
FOODS_1_067,52439
FOODS_1_068,4967
FOODS_1_069,17031
FOODS_1_070,8813
FOODS_1_071,10326
FOODS_1_072,7688
FOODS_1_073,11959
FOODS_1_074,20120
FOODS_1_075,10705
FOODS_1_076,14155
FOODS_1_077,2689
FOODS_1_078,4961
FOODS_1_079,1681
FOODS_1_080,10737
FOODS_1_081,13865
FOODS_1_082,67513
FOODS_1_083,34855
FOODS_1_084,2047
FOODS_1_085,148487
FOODS_1_086,48201
FOODS_1_087,39026
FOODS_1_088,29338
FOODS_1_089,3009
FOODS_1_090,12508
FOODS_1_091,11783
FOODS_1_092,22191
FOODS_1_093,5763
FOODS_1_094,18726
FOODS_1_095,7794
FOODS_1_096,92357
FOODS_1_097,25506
FOODS_1_098,5783
FOODS_1_099,63632
FOODS_1_101,11058
FOODS_1_102,12979
FOODS_1_103,19269
FOODS_1_104,36709
FOODS_1_105,9650
FOODS_1_106,30248
FOODS_1_107,5389
FOODS_1_108,24249
FOODS_1_109,8357
FOODS_1_110,75548
FOODS_1_111,2198
FOODS_1_112,22462
FOODS_1_113,53027
FOODS_1_114,8803
FOODS_1_115,9481
FOODS_1_116,10797
FOODS_1_117,13983
FOODS_1_118,10386
FOODS_1_119,6417
FOODS_1_120,26397
FOODS_1_121,21909
FOODS_1_122,5269
FOODS_1_123,15477
FOODS_1_124,17869
FOODS_1_125,4271
FOODS_1_126,3174
FOODS_1_127,22393
FOODS_1_128,11510
FOODS_1_129,37304
FOODS_1_130,22883
FOODS_1_131,2806
FOODS_1_132,13134
FOODS_1_133,12350
FOODS_1_134,10307
FOODS_1_135,9016
FOODS_1_136,6019
FOODS_1_137,49603
FOODS_1_138,10988
FOODS_1_139,31313
FOODS_1_140,9076
FOODS_1_141,7679
FOODS_1_142,22700
FOODS_1_143,14604
FOODS_1_144,13132
FOODS_1_145,20066
FOODS_1_146,11715
FOODS_1_147,5742
FOODS_1_148,3559
FOODS_1_149,12818
FOODS_1_150,28516
FOODS_1_151,4018
FOODS_1_152,14651
FOODS_1_153,18661
FOODS_1_154,37292
FOODS_1_155,17689
FOODS_1_156,7381
FOODS_1_157,5454
FOODS_1_158,6111
FOODS_1_159,5397
FOODS_1_160,1998
FOODS_1_161,88124
FOODS_1_162,66572
FOODS_1_163,19873
FOODS_1_164,5955
FOODS_1_166,34194
FOODS_1_167,10832
FOODS_1_168,14923
FOODS_1_169,7002
FOODS_1_170,63931
FOODS_1_171,5798
FOODS_1_172,32896
FOODS_1_173,65333
FOODS_1_174,13721
FOODS_1_175,12047
FOODS_1_176,7944
FOODS_1_177,12277
FOODS_1_178,13862
FOODS_1_179,2273
FOODS_1_180,18013
FOODS_1_181,22946
FOODS_1_182,17593
FOODS_1_183,34189
FOODS_1_184,80580
FOODS_1_185,17658
FOODS_1_186,5434
FOODS_1_187,24651
FOODS_1_188,6442
FOODS_1_189,4459
FOODS_1_190,21841
FOODS_1_191,7358
FOODS_1_192,19343
FOODS_1_193,10464
FOODS_1_194,31163
FOODS_1_195,14126
FOODS_1_196,28501
FOODS_1_197,8055
FOODS_1_198,7939
FOODS_1_199,10330
FOODS_1_200,35586
FOODS_1_201,29936
FOODS_1_202,19041
FOODS_1_203,12592
FOODS_1_204,63677
FOODS_1_205,8784
FOODS_1_206,30148
FOODS_1_207,15506
FOODS_1_208,25581
FOODS_1_209,15869
FOODS_1_210,29003
FOODS_1_211,4151
FOODS_1_212,2989
FOODS_1_213,12353
FOODS_1_214,13156
FOODS_1_215,23329
FOODS_1_216,16406
FOODS_1_217,49258
FOODS_1_218,234594
FOODS_1_219,41164
FOODS_2_001,11134
FOODS_2_002,25088
FOODS_2_003,19939
FOODS_2_004,10566
FOODS_2_005,12136
FOODS_2_006,2337
FOODS_2_007,3088
FOODS_2_008,5285
FOODS_2_009,21713
FOODS_2_010,9713
FOODS_2_011,7779
FOODS_2_012,7068
FOODS_2_013,82174
FOODS_2_014,22186
FOODS_2_015,3939
FOODS_2_016,68058
FOODS_2_017,2083
FOODS_2_018,21105
FOODS_2_019,98911
FOODS_2_020,15004
FOODS_2_021,121679
FOODS_2_022,19558
FOODS_2_023,6429
FOODS_2_024,20448
FOODS_2_025,10573
FOODS_2_026,30957
FOODS_2_027,8510
FOODS_2_028,7158
FOODS_2_029,33843
FOODS_2_030,23954
FOODS_2_031,28180
FOODS_2_032,18673
FOODS_2_033,13300
FOODS_2_034,24466
FOODS_2_035,11099
FOODS_2_036,38948
FOODS_2_037,5160
FOODS_2_038,12832
FOODS_2_039,5376
FOODS_2_040,4590
FOODS_2_041,8554
FOODS_2_042,20821
FOODS_2_043,9749
FOODS_2_044,16352
FOODS_2_045,5634
FOODS_2_046,2637
FOODS_2_047,22363
FOODS_2_048,4545
FOODS_2_049,19894
FOODS_2_050,16323
FOODS_2_051,17112
FOODS_2_052,27930
FOODS_2_053,5487
FOODS_2_054,55781
FOODS_2_055,15702
FOODS_2_056,52677
FOODS_2_057,2049
FOODS_2_058,11999
FOODS_2_059,28258
FOODS_2_060,17483
FOODS_2_061,37533
FOODS_2_062,11633
FOODS_2_063,44170
FOODS_2_064,12691
FOODS_2_065,47942
FOODS_2_066,12407
FOODS_2_067,13873
FOODS_2_068,2086
FOODS_2_069,3528
FOODS_2_070,16234
FOODS_2_071,1123
FOODS_2_072,11823
FOODS_2_073,1094
FOODS_2_074,27474
FOODS_2_075,26771
FOODS_2_076,5596
FOODS_2_077,4655
FOODS_2_078,12208
FOODS_2_079,12673
FOODS_2_080,38550
FOODS_2_081,23618
FOODS_2_082,32492
FOODS_2_083,13668
FOODS_2_084,4957
FOODS_2_085,14308
FOODS_2_086,24639
FOODS_2_087,2823
FOODS_2_088,10568
FOODS_2_089,3505
FOODS_2_090,1678
FOODS_2_091,6238
FOODS_2_092,18911
FOODS_2_093,27113
FOODS_2_094,3726
FOODS_2_095,6030
FOODS_2_096,1282
FOODS_2_097,2575
FOODS_2_099,22493
FOODS_2_100,19152
FOODS_2_101,18670
FOODS_2_102,2923
FOODS_2_103,21734
FOODS_2_104,19455
FOODS_2_105,7084
FOODS_2_106,14805
FOODS_2_107,14748
FOODS_2_108,8799
FOODS_2_109,16703
FOODS_2_110,7259
FOODS_2_111,4952
FOODS_2_112,23982
FOODS_2_113,7083
FOODS_2_114,4156
FOODS_2_115,12601
FOODS_2_116,25051
FOODS_2_117,6143
FOODS_2_118,10173
FOODS_2_119,27978
FOODS_2_120,8337
FOODS_2_121,12128
FOODS_2_122,10883
FOODS_2_123,5398
FOODS_2_124,7958
FOODS_2_125,9848
FOODS_2_126,11027
FOODS_2_127,3690
FOODS_2_128,149465
FOODS_2_129,2087
FOODS_2_130,7790
FOODS_2_131,29533
FOODS_2_132,6821
FOODS_2_133,6141
FOODS_2_134,14079
FOODS_2_135,19907
FOODS_2_136,12204
FOODS_2_137,15085
FOODS_2_138,19641
FOODS_2_139,26426
FOODS_2_140,4778
FOODS_2_141,16955
FOODS_2_142,20892
FOODS_2_143,13811
FOODS_2_144,21130
FOODS_2_145,9962
FOODS_2_146,18910
FOODS_2_147,2286
FOODS_2_148,6666
FOODS_2_149,29363
FOODS_2_150,28277
FOODS_2_151,21122
FOODS_2_152,80460
FOODS_2_153,22724
FOODS_2_154,4235
FOODS_2_155,3059
FOODS_2_156,20760
FOODS_2_157,9302
FOODS_2_158,8339
FOODS_2_159,2225
FOODS_2_160,4338
FOODS_2_161,4019
FOODS_2_162,10699
FOODS_2_163,7573
FOODS_2_164,62224
FOODS_2_165,2623
FOODS_2_166,45949
FOODS_2_167,10961
FOODS_2_168,2095
FOODS_2_169,6224
FOODS_2_170,25765
FOODS_2_171,32235
FOODS_2_172,7112
FOODS_2_173,21600
FOODS_2_174,16748
FOODS_2_175,41654
FOODS_2_176,11711
FOODS_2_177,6395
FOODS_2_178,5578
FOODS_2_179,4199
FOODS_2_180,9208
FOODS_2_181,138531
FOODS_2_182,20508
FOODS_2_183,52968
FOODS_2_184,29425
FOODS_2_185,4310
FOODS_2_186,4959
FOODS_2_187,2976
FOODS_2_188,6742
FOODS_2_189,22819
FOODS_2_190,8526
FOODS_2_191,4096
FOODS_2_192,16287
FOODS_2_193,4157
FOODS_2_194,37190
FOODS_2_195,7861
FOODS_2_196,15119
FOODS_2_197,162173
FOODS_2_198,22692
FOODS_2_199,40716
FOODS_2_200,5907
FOODS_2_201,12452
FOODS_2_202,7158
FOODS_2_203,4459
FOODS_2_204,64958
FOODS_2_205,7679
FOODS_2_206,5012
FOODS_2_207,4125
FOODS_2_208,13110
FOODS_2_209,4764
FOODS_2_210,7227
FOODS_2_211,19846
FOODS_2_212,25916
FOODS_2_213,4845
FOODS_2_214,5606
FOODS_2_215,5838
FOODS_2_216,8285
FOODS_2_217,16725
FOODS_2_218,7901
FOODS_2_219,10226
FOODS_2_220,13831
FOODS_2_221,12292
FOODS_2_222,63120
FOODS_2_223,9283
FOODS_2_224,8375
FOODS_2_225,17450
FOODS_2_226,1581
FOODS_2_227,5919
FOODS_2_228,6058
FOODS_2_229,26701
FOODS_2_230,11338
FOODS_2_231,17607
FOODS_2_232,19344
FOODS_2_233,42132
FOODS_2_234,10390
FOODS_2_235,7022
FOODS_2_236,28631
FOODS_2_237,10507
FOODS_2_238,11582
FOODS_2_239,1405
FOODS_2_240,53609
FOODS_2_241,54841
FOODS_2_242,22624
FOODS_2_243,4507
FOODS_2_244,95346
FOODS_2_245,18915
FOODS_2_246,5953
FOODS_2_247,34176
FOODS_2_248,6220
FOODS_2_249,6842
FOODS_2_250,3119
FOODS_2_251,20200
FOODS_2_252,1349
FOODS_2_253,2830
FOODS_2_254,2058
FOODS_2_255,28614
FOODS_2_256,13070
FOODS_2_257,29624
FOODS_2_258,10903
FOODS_2_259,2404
FOODS_2_260,6521
FOODS_2_261,5555
FOODS_2_262,15410
FOODS_2_263,7054
FOODS_2_264,7927
FOODS_2_265,4000
FOODS_2_266,21133
FOODS_2_267,22843
FOODS_2_268,2924
FOODS_2_269,5767
FOODS_2_270,4147
FOODS_2_271,2023
FOODS_2_272,20069
FOODS_2_273,4683
FOODS_2_274,30689
FOODS_2_275,13932
FOODS_2_276,158887
FOODS_2_277,5432
FOODS_2_278,6600
FOODS_2_279,13420
FOODS_2_280,3561
FOODS_2_281,3515
FOODS_2_282,23860
FOODS_2_283,30527
FOODS_2_284,8571
FOODS_2_285,52598
FOODS_2_286,14487
FOODS_2_287,2507
FOODS_2_288,14561
FOODS_2_289,30659
FOODS_2_290,6621
FOODS_2_291,29801
FOODS_2_292,5274
FOODS_2_293,53471
FOODS_2_294,49885
FOODS_2_295,7742
FOODS_2_296,6098
FOODS_2_297,22970
FOODS_2_298,4908
FOODS_2_299,37680
FOODS_2_300,3809
FOODS_2_301,10635
FOODS_2_302,10010
FOODS_2_303,12867
FOODS_2_304,22481
FOODS_2_305,4838
FOODS_2_306,13278
FOODS_2_307,25629
FOODS_2_308,9052
FOODS_2_309,25921
FOODS_2_310,2630
FOODS_2_311,29178
FOODS_2_312,6167
FOODS_2_313,3532
FOODS_2_314,8471
FOODS_2_315,60677
FOODS_2_316,10334
FOODS_2_317,6689
FOODS_2_318,30689
FOODS_2_319,6637
FOODS_2_320,13079
FOODS_2_321,14293
FOODS_2_322,44090
FOODS_2_323,6741
FOODS_2_324,5030
FOODS_2_325,81701
FOODS_2_326,135137
FOODS_2_327,21317
FOODS_2_328,4016
FOODS_2_329,6248
FOODS_2_330,12964
FOODS_2_331,8702
FOODS_2_332,8400
FOODS_2_333,27960
FOODS_2_334,9507
FOODS_2_335,6176
FOODS_2_336,7430
FOODS_2_337,2455
FOODS_2_338,11351
FOODS_2_339,19027
FOODS_2_340,13365
FOODS_2_341,2706
FOODS_2_342,35504
FOODS_2_343,7035
FOODS_2_344,15411
FOODS_2_345,4348
FOODS_2_346,19651
FOODS_2_347,105036
FOODS_2_348,10116
FOODS_2_349,39969
FOODS_2_350,4435
FOODS_2_351,16868
FOODS_2_352,11468
FOODS_2_353,11430
FOODS_2_354,4025
FOODS_2_355,5182
FOODS_2_356,23452
FOODS_2_357,29294
FOODS_2_358,9100
FOODS_2_359,25336
FOODS_2_360,257119
FOODS_2_361,14798
FOODS_2_362,1604
FOODS_2_363,5920
FOODS_2_364,46776
FOODS_2_365,3334
FOODS_2_366,6048
FOODS_2_367,11380
FOODS_2_368,50638
FOODS_2_369,2541
FOODS_2_370,15202
FOODS_2_371,82147
FOODS_2_372,3343
FOODS_2_373,9444
FOODS_2_374,33233
FOODS_2_375,13075
FOODS_2_376,22336
FOODS_2_377,5445
FOODS_2_378,10444
FOODS_2_379,2789
FOODS_2_380,58204
FOODS_2_381,32397
FOODS_2_382,16481
FOODS_2_383,17817
FOODS_2_384,35709
FOODS_2_385,18433
FOODS_2_386,5839
FOODS_2_387,3038
FOODS_2_388,30784
FOODS_2_389,2697
FOODS_2_390,1605
FOODS_2_391,28594
FOODS_2_392,12789
FOODS_2_393,2219
FOODS_2_394,7659
FOODS_2_395,2372
FOODS_2_396,17583
FOODS_2_397,16649
FOODS_2_398,44038
FOODS_2_399,23100
FOODS_3_001,9845
FOODS_3_002,35515
FOODS_3_003,3131
FOODS_3_004,3778
FOODS_3_005,15790
FOODS_3_006,4880
FOODS_3_007,184962
FOODS_3_008,27934
FOODS_3_009,3059
FOODS_3_010,9171
FOODS_3_011,23546
FOODS_3_012,19069
FOODS_3_013,13810
FOODS_3_014,26456
FOODS_3_015,23835
FOODS_3_016,3931
FOODS_3_017,2937
FOODS_3_018,3765
FOODS_3_019,13296
FOODS_3_020,58721
FOODS_3_021,29900
FOODS_3_022,2017
FOODS_3_023,25251
FOODS_3_024,22124
FOODS_3_025,12198
FOODS_3_026,26046
FOODS_3_027,11986
FOODS_3_028,18829
FOODS_3_029,24405
FOODS_3_030,179917
FOODS_3_031,11632
FOODS_3_032,19436
FOODS_3_033,3791
FOODS_3_034,17439
FOODS_3_035,20227
FOODS_3_036,3725
FOODS_3_037,38014
FOODS_3_038,2448
FOODS_3_039,53382
FOODS_3_040,7934
FOODS_3_041,25734
FOODS_3_042,92924
FOODS_3_043,11392
FOODS_3_044,7308
FOODS_3_045,9992
FOODS_3_046,13780
FOODS_3_047,8192
FOODS_3_048,23974
FOODS_3_049,5001
FOODS_3_050,11549
FOODS_3_051,14254
FOODS_3_053,15564
FOODS_3_054,62178
FOODS_3_055,8202
FOODS_3_056,9155
FOODS_3_057,9804
FOODS_3_058,10750
FOODS_3_059,35454
FOODS_3_060,7446
FOODS_3_061,6733
FOODS_3_062,10574
FOODS_3_063,22918
FOODS_3_064,75695
FOODS_3_065,17323
FOODS_3_066,29336
FOODS_3_067,31665
FOODS_3_068,7917
FOODS_3_069,35502
FOODS_3_070,94454
FOODS_3_071,27407
FOODS_3_072,5889
FOODS_3_073,13559
FOODS_3_074,11654
FOODS_3_075,8208
FOODS_3_076,47119
FOODS_3_077,39796
FOODS_3_078,7740
FOODS_3_079,49634
FOODS_3_080,262650
FOODS_3_081,12271
FOODS_3_082,19106
FOODS_3_083,22995
FOODS_3_084,11724
FOODS_3_085,4982
FOODS_3_086,120759
FOODS_3_087,38413
FOODS_3_088,2222
FOODS_3_089,37035
FOODS_3_090,1002529
FOODS_3_091,12063
FOODS_3_092,29226
FOODS_3_093,43712
FOODS_3_094,14722
FOODS_3_095,8804
FOODS_3_096,15374
FOODS_3_097,34392
FOODS_3_098,21726
FOODS_3_099,213577
FOODS_3_100,19065
FOODS_3_101,63417
FOODS_3_102,20565
FOODS_3_103,20750
FOODS_3_104,8619
FOODS_3_105,8453
FOODS_3_106,21560
FOODS_3_107,60688
FOODS_3_108,51033
FOODS_3_109,139037
FOODS_3_110,4128
FOODS_3_111,3181
FOODS_3_112,16153
FOODS_3_113,83713
FOODS_3_114,5729
FOODS_3_115,29351
FOODS_3_116,57491
FOODS_3_117,64951
FOODS_3_118,54632
FOODS_3_119,3597
FOODS_3_120,283104
FOODS_3_121,41054
FOODS_3_122,5258
FOODS_3_123,9409
FOODS_3_124,69057
FOODS_3_125,5174
FOODS_3_126,33885
FOODS_3_127,43673
FOODS_3_128,16896
FOODS_3_129,12107
FOODS_3_130,9551
FOODS_3_131,55613
FOODS_3_132,43110
FOODS_3_133,90002
FOODS_3_134,48623
FOODS_3_135,44614
FOODS_3_136,100597
FOODS_3_137,4226
FOODS_3_138,31325
FOODS_3_139,29798
FOODS_3_140,25970
FOODS_3_141,12258
FOODS_3_142,20300
FOODS_3_143,4052
FOODS_3_144,38264
FOODS_3_145,6062
FOODS_3_146,20147
FOODS_3_147,8372
FOODS_3_148,41056
FOODS_3_149,6945
FOODS_3_150,147532
FOODS_3_151,36289
FOODS_3_152,10040
FOODS_3_153,10936
FOODS_3_154,101583
FOODS_3_155,18134
FOODS_3_156,43254
FOODS_3_157,5798
FOODS_3_158,5865
FOODS_3_159,9000
FOODS_3_160,12937
FOODS_3_161,7378
FOODS_3_162,17941
FOODS_3_163,22713
FOODS_3_164,2617
FOODS_3_165,2851
FOODS_3_166,6519
FOODS_3_167,14789
FOODS_3_168,13919
FOODS_3_169,25509
FOODS_3_170,9088
FOODS_3_171,1121
FOODS_3_172,8613
FOODS_3_173,2956
FOODS_3_174,14503
FOODS_3_175,9518
FOODS_3_176,18602
FOODS_3_177,18533
FOODS_3_178,40088
FOODS_3_179,5310
FOODS_3_180,2906
FOODS_3_181,16195
FOODS_3_182,17289
FOODS_3_183,20055
FOODS_3_184,37691
FOODS_3_185,21534
FOODS_3_186,14221
FOODS_3_187,16232
FOODS_3_188,5970
FOODS_3_189,8998
FOODS_3_190,16454
FOODS_3_191,38814
FOODS_3_192,11901
FOODS_3_193,6018
FOODS_3_194,32877
FOODS_3_195,42475
FOODS_3_196,10059
FOODS_3_197,10099
FOODS_3_198,4799
FOODS_3_199,18034
FOODS_3_200,14556
FOODS_3_201,45230
FOODS_3_202,295689
FOODS_3_203,36820
FOODS_3_204,7327
FOODS_3_205,22368
FOODS_3_206,13069
FOODS_3_207,23524
FOODS_3_208,14668
FOODS_3_209,2448
FOODS_3_210,5182
FOODS_3_211,13264
FOODS_3_212,19033
FOODS_3_213,26938
FOODS_3_214,25924
FOODS_3_215,38039
FOODS_3_216,7291
FOODS_3_217,36184
FOODS_3_218,6362
FOODS_3_219,85377
FOODS_3_220,823
FOODS_3_221,4952
FOODS_3_222,13274
FOODS_3_223,9007
FOODS_3_224,37936
FOODS_3_225,22404
FOODS_3_226,363082
FOODS_3_227,75908
FOODS_3_228,140886
FOODS_3_229,9119
FOODS_3_230,48713
FOODS_3_231,66327
FOODS_3_232,32905
FOODS_3_233,69415
FOODS_3_234,251160
FOODS_3_235,8097
FOODS_3_236,27400
FOODS_3_237,29491
FOODS_3_238,28146
FOODS_3_239,15161
FOODS_3_240,7551
FOODS_3_241,34473
FOODS_3_242,18206
FOODS_3_243,13529
FOODS_3_244,5513
FOODS_3_245,100314
FOODS_3_246,13837
FOODS_3_247,5544
FOODS_3_248,17280
FOODS_3_249,22670
FOODS_3_250,22955
FOODS_3_251,6351
FOODS_3_252,565299
FOODS_3_253,13520
FOODS_3_254,2389
FOODS_3_255,1269
FOODS_3_256,2138
FOODS_3_257,39722
FOODS_3_258,59388
FOODS_3_259,47827
FOODS_3_260,1408
FOODS_3_261,12906
FOODS_3_262,3419
FOODS_3_263,80264
FOODS_3_264,6798
FOODS_3_265,32377
FOODS_3_266,7816
FOODS_3_267,29929
FOODS_3_268,7015
FOODS_3_269,17699
FOODS_3_270,3108
FOODS_3_271,23135
FOODS_3_272,5487
FOODS_3_273,24012
FOODS_3_274,43445
FOODS_3_275,5757
FOODS_3_276,24021
FOODS_3_277,20000
FOODS_3_278,7700
FOODS_3_279,17149
FOODS_3_280,11748
FOODS_3_281,176754
FOODS_3_282,186791
FOODS_3_283,31607
FOODS_3_284,2939
FOODS_3_285,53358
FOODS_3_286,11937
FOODS_3_287,12060
FOODS_3_288,158133
FOODS_3_289,16858
FOODS_3_290,61898
FOODS_3_291,23252
FOODS_3_292,30138
FOODS_3_293,10079
FOODS_3_294,16882
FOODS_3_295,202031
FOODS_3_296,1433
FOODS_3_297,7158
FOODS_3_298,8172
FOODS_3_299,34076
FOODS_3_300,53221
FOODS_3_301,22572
FOODS_3_302,29966
FOODS_3_303,11395
FOODS_3_304,51845
FOODS_3_305,51553
FOODS_3_306,22802
FOODS_3_307,34088
FOODS_3_308,21143
FOODS_3_309,7087
FOODS_3_310,30318
FOODS_3_311,29051
FOODS_3_312,6742
FOODS_3_313,99945
FOODS_3_314,11010
FOODS_3_315,6408
FOODS_3_316,12211
FOODS_3_317,33064
FOODS_3_318,260598
FOODS_3_319,208357
FOODS_3_320,16499
FOODS_3_321,30527
FOODS_3_322,13845
FOODS_3_323,6479
FOODS_3_324,66836
FOODS_3_325,12010
FOODS_3_326,44181
FOODS_3_327,74715
FOODS_3_328,10540
FOODS_3_329,146275
FOODS_3_330,33335
FOODS_3_331,26243
FOODS_3_332,40203
FOODS_3_333,20163
FOODS_3_334,23791
FOODS_3_335,16467
FOODS_3_336,16440
FOODS_3_337,1953
FOODS_3_338,1727
FOODS_3_339,56650
FOODS_3_340,6288
FOODS_3_341,6759
FOODS_3_342,67867
FOODS_3_343,4136
FOODS_3_344,11645
FOODS_3_345,8324
FOODS_3_346,66906
FOODS_3_347,32709
FOODS_3_348,108903
FOODS_3_349,75994
FOODS_3_350,1671
FOODS_3_351,78577
FOODS_3_352,15876
FOODS_3_353,3143
FOODS_3_354,7881
FOODS_3_355,47327
FOODS_3_356,22563
FOODS_3_357,13593
FOODS_3_358,4636
FOODS_3_359,2497
FOODS_3_360,16360
FOODS_3_361,12499
FOODS_3_362,146207
FOODS_3_363,79268
FOODS_3_364,2974
FOODS_3_365,7822
FOODS_3_366,3097
FOODS_3_367,30811
FOODS_3_368,52535
FOODS_3_369,26822
FOODS_3_370,21531
FOODS_3_371,2585
FOODS_3_372,26671
FOODS_3_373,10094
FOODS_3_374,7596
FOODS_3_375,7524
FOODS_3_376,228551
FOODS_3_377,273289
FOODS_3_378,18952
FOODS_3_379,6095
FOODS_3_380,5020
FOODS_3_381,15644
FOODS_3_382,11616
FOODS_3_383,40562
FOODS_3_384,9277
FOODS_3_385,22469
FOODS_3_386,19506
FOODS_3_387,14812
FOODS_3_388,25355
FOODS_3_389,169069
FOODS_3_390,8814
FOODS_3_391,10050
FOODS_3_392,18020
FOODS_3_393,45565
FOODS_3_394,13424
FOODS_3_395,15387
FOODS_3_396,4689
FOODS_3_397,6546
FOODS_3_398,16408
FOODS_3_399,48449
FOODS_3_400,33088
FOODS_3_401,12384
FOODS_3_402,5521
FOODS_3_403,57576
FOODS_3_404,110046
FOODS_3_405,13756
FOODS_3_406,141421
FOODS_3_407,57486
FOODS_3_408,7606
FOODS_3_409,2945
FOODS_3_410,20235
FOODS_3_411,19497
FOODS_3_412,150568
FOODS_3_413,83534
FOODS_3_414,8222
FOODS_3_415,19541
FOODS_3_416,6135
FOODS_3_417,2902
FOODS_3_418,28562
FOODS_3_419,7121
FOODS_3_420,10567
FOODS_3_421,4881
FOODS_3_422,24174
FOODS_3_423,18516
FOODS_3_424,19435
FOODS_3_425,6366
FOODS_3_426,8311
FOODS_3_427,5375
FOODS_3_428,14309
FOODS_3_429,11130
FOODS_3_430,3646
FOODS_3_431,24933
FOODS_3_432,34928
FOODS_3_433,22475
FOODS_3_434,29285
FOODS_3_435,99356
FOODS_3_436,3771
FOODS_3_437,12039
FOODS_3_438,25518
FOODS_3_439,21713
FOODS_3_440,5021
FOODS_3_441,59794
FOODS_3_442,5527
FOODS_3_443,3210
FOODS_3_444,105544
FOODS_3_445,7586
FOODS_3_446,96285
FOODS_3_447,8609
FOODS_3_448,23056
FOODS_3_449,76021
FOODS_3_450,20961
FOODS_3_451,15621
FOODS_3_452,9140
FOODS_3_453,5106
FOODS_3_454,100811
FOODS_3_455,134776
FOODS_3_456,7573
FOODS_3_457,5859
FOODS_3_458,165570
FOODS_3_459,47177
FOODS_3_460,48049
FOODS_3_461,34424
FOODS_3_462,192125
FOODS_3_463,21881
FOODS_3_464,16057
FOODS_3_465,11542
FOODS_3_466,1628
FOODS_3_467,17343
FOODS_3_468,85612
FOODS_3_469,66704
FOODS_3_470,13798
FOODS_3_471,3057
FOODS_3_472,1043
FOODS_3_473,98654
FOODS_3_474,84512
FOODS_3_475,45678
FOODS_3_476,71934
FOODS_3_477,81132
FOODS_3_478,8954
FOODS_3_479,23896
FOODS_3_480,22200
FOODS_3_481,29935
FOODS_3_482,7687
FOODS_3_483,11524
FOODS_3_484,7358
FOODS_3_485,26972
FOODS_3_486,8211
FOODS_3_487,30026
FOODS_3_488,16432
FOODS_3_489,17832
FOODS_3_490,12009
FOODS_3_491,196627
FOODS_3_492,15047
FOODS_3_493,20038
FOODS_3_494,13629
FOODS_3_495,31755
FOODS_3_496,18816
FOODS_3_497,16844
FOODS_3_498,166432
FOODS_3_499,123221
FOODS_3_500,1936
FOODS_3_501,199847
FOODS_3_502,17265
FOODS_3_503,92370
FOODS_3_504,30757
FOODS_3_505,35218
FOODS_3_506,7838
FOODS_3_507,2838
FOODS_3_508,36750
FOODS_3_509,18706
FOODS_3_510,3503
FOODS_3_511,71032
FOODS_3_512,1949
FOODS_3_513,24541
FOODS_3_514,15429
FOODS_3_515,19179
FOODS_3_516,134051
FOODS_3_517,1759
FOODS_3_518,6182
FOODS_3_519,23223
FOODS_3_520,17634
FOODS_3_521,2811
FOODS_3_522,5604
FOODS_3_523,23973
FOODS_3_524,94365
FOODS_3_525,13613
FOODS_3_526,86546
FOODS_3_527,3530
FOODS_3_528,8945
FOODS_3_529,3403
FOODS_3_530,45823
FOODS_3_531,7549
FOODS_3_532,22696
FOODS_3_533,26900
FOODS_3_534,39748
FOODS_3_535,21372
FOODS_3_536,11295
FOODS_3_537,15370
FOODS_3_538,14188
FOODS_3_539,6428
FOODS_3_540,58179
FOODS_3_541,272624
FOODS_3_542,13687
FOODS_3_543,8821
FOODS_3_544,9291
FOODS_3_545,12016
FOODS_3_546,71762
FOODS_3_547,180254
FOODS_3_548,3326
FOODS_3_549,4213
FOODS_3_550,7705
FOODS_3_551,19797
FOODS_3_552,11694
FOODS_3_553,6844
FOODS_3_554,6227
FOODS_3_555,491287
FOODS_3_556,5693
FOODS_3_557,13623
FOODS_3_558,9284
FOODS_3_559,21406
FOODS_3_560,11637
FOODS_3_561,29439
FOODS_3_562,40087
FOODS_3_563,1928
FOODS_3_564,10050
FOODS_3_565,25092
FOODS_3_566,34268
FOODS_3_567,6593
FOODS_3_568,23636
FOODS_3_569,19545
FOODS_3_570,79461
FOODS_3_571,11442
FOODS_3_572,74406
FOODS_3_573,28434
FOODS_3_574,85928
FOODS_3_575,2255
FOODS_3_576,3819
FOODS_3_577,34279
FOODS_3_578,42552
FOODS_3_579,10287
FOODS_3_580,138771
FOODS_3_581,13411
FOODS_3_582,13423
FOODS_3_583,12450
FOODS_3_584,34732
FOODS_3_585,21599
FOODS_3_586,920242
FOODS_3_587,396119
FOODS_3_588,10772
FOODS_3_589,26909
FOODS_3_590,29285
FOODS_3_591,16459
FOODS_3_592,33725
FOODS_3_593,8213
FOODS_3_594,67217
FOODS_3_595,7206
FOODS_3_596,32262
FOODS_3_597,4598
FOODS_3_598,38712
FOODS_3_599,9399
FOODS_3_600,6653
FOODS_3_601,1505
FOODS_3_602,3820
FOODS_3_603,14159
FOODS_3_604,13555
FOODS_3_605,12066
FOODS_3_606,11591
FOODS_3_607,222594
FOODS_3_608,9532
FOODS_3_609,12771
FOODS_3_610,27811
FOODS_3_611,28895
FOODS_3_612,11037
FOODS_3_613,3139
FOODS_3_614,46938
FOODS_3_615,22230
FOODS_3_616,22274
FOODS_3_617,34311
FOODS_3_618,14454
FOODS_3_619,3516
FOODS_3_620,8326
FOODS_3_621,7520
FOODS_3_622,9502
FOODS_3_623,6013
FOODS_3_624,12382
FOODS_3_625,11642
FOODS_3_626,2093
FOODS_3_627,8935
FOODS_3_628,44513
FOODS_3_629,11938
FOODS_3_630,6463
FOODS_3_631,16655
FOODS_3_632,24411
FOODS_3_633,2293
FOODS_3_634,51447
FOODS_3_635,282134
FOODS_3_636,36805
FOODS_3_637,5777
FOODS_3_638,28183
FOODS_3_639,15132
FOODS_3_640,7452
FOODS_3_641,6816
FOODS_3_642,7572
FOODS_3_643,12505
FOODS_3_644,29509
FOODS_3_645,17412
FOODS_3_646,22442
FOODS_3_647,7007
FOODS_3_648,23158
FOODS_3_649,5726
FOODS_3_650,7159
FOODS_3_651,28539
FOODS_3_652,62104
FOODS_3_653,19253
FOODS_3_654,51621
FOODS_3_655,42610
FOODS_3_656,20749
FOODS_3_657,31396
FOODS_3_658,7820
FOODS_3_659,16251
FOODS_3_660,22831
FOODS_3_661,27446
FOODS_3_662,4349
FOODS_3_663,15242
FOODS_3_664,68270
FOODS_3_665,24929
FOODS_3_666,15241
FOODS_3_667,8430
FOODS_3_668,136922
FOODS_3_669,17722
FOODS_3_670,5847
FOODS_3_671,20516
FOODS_3_672,90702
FOODS_3_673,6858
FOODS_3_674,37042
FOODS_3_675,24034
FOODS_3_676,17086
FOODS_3_677,9923
FOODS_3_678,29394
FOODS_3_679,26994
FOODS_3_680,9801
FOODS_3_681,250018
FOODS_3_682,57762
FOODS_3_683,21298
FOODS_3_684,14291
FOODS_3_685,19642
FOODS_3_686,8868
FOODS_3_687,16867
FOODS_3_688,87559
FOODS_3_689,16183
FOODS_3_690,2358
FOODS_3_691,2398
FOODS_3_692,52121
FOODS_3_693,1813
FOODS_3_694,390001
FOODS_3_695,74538
FOODS_3_696,2063
FOODS_3_697,98653
FOODS_3_698,14807
FOODS_3_700,11111
FOODS_3_701,7088
FOODS_3_702,123389
FOODS_3_703,5392
FOODS_3_704,72990
FOODS_3_705,14685
FOODS_3_706,23206
FOODS_3_707,15617
FOODS_3_708,22862
FOODS_3_709,6782
FOODS_3_710,4872
FOODS_3_711,191364
FOODS_3_712,17718
FOODS_3_713,2832
FOODS_3_714,396172
FOODS_3_715,13919
FOODS_3_716,20155
FOODS_3_717,10721
FOODS_3_718,20633
FOODS_3_719,15216
FOODS_3_720,3557
FOODS_3_721,22725
FOODS_3_722,3813
FOODS_3_723,284333
FOODS_3_724,5756
FOODS_3_725,35807
FOODS_3_726,11975
FOODS_3_727,42239
FOODS_3_729,14888
FOODS_3_730,26990
FOODS_3_731,14612
FOODS_3_732,37150
FOODS_3_733,12086
FOODS_3_734,98424
FOODS_3_735,3835
FOODS_3_736,4384
FOODS_3_737,1664
FOODS_3_738,73171
FOODS_3_739,143589
FOODS_3_741,113485
FOODS_3_742,32984
FOODS_3_743,2971
FOODS_3_744,118617
FOODS_3_745,4524
FOODS_3_746,64384
FOODS_3_747,18689
FOODS_3_748,11359
FOODS_3_749,11234
FOODS_3_750,35911
FOODS_3_751,4647
FOODS_3_752,202238
FOODS_3_753,57873
FOODS_3_754,5932
FOODS_3_755,92996
FOODS_3_756,112322
FOODS_3_757,60452
FOODS_3_758,4333
FOODS_3_759,11603
FOODS_3_760,29260
FOODS_3_761,15837
FOODS_3_762,6012
FOODS_3_763,6904
FOODS_3_764,153520
FOODS_3_765,21330
FOODS_3_766,14359
FOODS_3_767,97189
FOODS_3_768,16279
FOODS_3_769,74072
FOODS_3_770,14244
FOODS_3_771,18408
FOODS_3_772,40543
FOODS_3_773,4317
FOODS_3_774,11180
FOODS_3_775,11541
FOODS_3_776,15522
FOODS_3_777,4590
FOODS_3_778,6044
FOODS_3_779,3678
FOODS_3_780,6805
FOODS_3_781,14326
FOODS_3_782,65654
FOODS_3_783,63247
FOODS_3_784,18075
FOODS_3_785,123450
FOODS_3_786,29802
FOODS_3_787,56041
FOODS_3_788,29101
FOODS_3_789,65812
FOODS_3_790,2510
FOODS_3_791,12005
FOODS_3_792,78924
FOODS_3_793,29731
FOODS_3_794,23708
FOODS_3_795,28748
FOODS_3_796,2641
FOODS_3_797,17493
FOODS_3_798,3307
FOODS_3_799,3138
FOODS_3_800,90197
FOODS_3_801,57234
FOODS_3_802,8855
FOODS_3_803,15185
FOODS_3_804,200598
FOODS_3_805,33554
FOODS_3_806,4213
FOODS_3_807,58676
FOODS_3_808,281879
FOODS_3_809,66552
FOODS_3_810,18617
FOODS_3_811,178034
FOODS_3_812,26443
FOODS_3_813,5595
FOODS_3_814,39954
FOODS_3_815,4283
FOODS_3_816,94176
FOODS_3_817,13011
FOODS_3_818,35759
FOODS_3_819,38288
FOODS_3_820,30528
FOODS_3_821,6770
FOODS_3_822,58133
FOODS_3_823,15388
FOODS_3_824,8325
FOODS_3_825,13526
FOODS_3_826,12188
FOODS_3_827,11377
HOBBIES_1_001,4093
HOBBIES_1_002,5059
HOBBIES_1_003,1435
HOBBIES_1_004,39175
HOBBIES_1_005,14621
HOBBIES_1_006,13068
HOBBIES_1_007,3014
HOBBIES_1_008,87645
HOBBIES_1_009,15657
HOBBIES_1_010,11689
HOBBIES_1_011,1500
HOBBIES_1_012,7326
HOBBIES_1_013,4386
HOBBIES_1_014,37267
HOBBIES_1_015,84541
HOBBIES_1_016,59819
HOBBIES_1_017,14580
HOBBIES_1_018,1279
HOBBIES_1_019,53087
HOBBIES_1_020,4483
HOBBIES_1_021,6736
HOBBIES_1_022,7357
HOBBIES_1_023,20807
HOBBIES_1_024,3802
HOBBIES_1_025,8106
HOBBIES_1_026,3424
HOBBIES_1_027,2033
HOBBIES_1_028,8171
HOBBIES_1_029,18157
HOBBIES_1_030,29655
HOBBIES_1_031,6097
HOBBIES_1_032,63473
HOBBIES_1_033,2511
HOBBIES_1_034,9036
HOBBIES_1_035,3066
HOBBIES_1_036,10515
HOBBIES_1_037,13999
HOBBIES_1_038,5934
HOBBIES_1_039,1715
HOBBIES_1_040,15700
HOBBIES_1_041,6311
HOBBIES_1_042,7421
HOBBIES_1_043,50228
HOBBIES_1_044,11173
HOBBIES_1_045,1038
HOBBIES_1_046,2207
HOBBIES_1_047,14595
HOBBIES_1_048,75717
HOBBIES_1_049,4343
HOBBIES_1_050,8697
HOBBIES_1_051,2584
HOBBIES_1_052,894
HOBBIES_1_053,3194
HOBBIES_1_054,963
HOBBIES_1_055,20351
HOBBIES_1_056,20090
HOBBIES_1_057,9072
HOBBIES_1_058,5097
HOBBIES_1_060,3414
HOBBIES_1_061,6910
HOBBIES_1_062,1133
HOBBIES_1_063,4797
HOBBIES_1_064,19765
HOBBIES_1_065,1401
HOBBIES_1_066,2931
HOBBIES_1_067,65475
HOBBIES_1_068,9748
HOBBIES_1_069,3270
HOBBIES_1_070,1511
HOBBIES_1_072,10580
HOBBIES_1_073,11272
HOBBIES_1_074,26509
HOBBIES_1_075,6931
HOBBIES_1_076,10361
HOBBIES_1_077,3220
HOBBIES_1_078,17992
HOBBIES_1_079,10609
HOBBIES_1_080,38065
HOBBIES_1_081,4847
HOBBIES_1_082,2835
HOBBIES_1_083,2083
HOBBIES_1_084,12133
HOBBIES_1_085,7941
HOBBIES_1_086,12264
HOBBIES_1_087,13877
HOBBIES_1_088,6173
HOBBIES_1_089,19688
HOBBIES_1_090,20575
HOBBIES_1_091,3909
HOBBIES_1_092,6739
HOBBIES_1_093,2785
HOBBIES_1_094,3687
HOBBIES_1_095,3730
HOBBIES_1_097,11509
HOBBIES_1_098,10719
HOBBIES_1_099,15139
HOBBIES_1_100,7592
HOBBIES_1_102,1933
HOBBIES_1_103,71019
HOBBIES_1_104,2640
HOBBIES_1_105,12429
HOBBIES_1_106,4026
HOBBIES_1_107,3112
HOBBIES_1_108,19385
HOBBIES_1_109,9049
HOBBIES_1_110,2946
HOBBIES_1_111,7603
HOBBIES_1_112,1743
HOBBIES_1_113,2217
HOBBIES_1_114,3115
HOBBIES_1_115,19525
HOBBIES_1_116,5294
HOBBIES_1_117,3516
HOBBIES_1_118,2985
HOBBIES_1_119,6004
HOBBIES_1_120,3933
HOBBIES_1_121,4376
HOBBIES_1_122,7282
HOBBIES_1_123,5841
HOBBIES_1_124,7503
HOBBIES_1_125,1301
HOBBIES_1_126,2618
HOBBIES_1_127,8372
HOBBIES_1_128,4694
HOBBIES_1_129,9152
HOBBIES_1_130,11833
HOBBIES_1_131,19860
HOBBIES_1_132,11897
HOBBIES_1_133,4208
HOBBIES_1_134,55472
HOBBIES_1_135,1932
HOBBIES_1_136,1222
HOBBIES_1_137,7205
HOBBIES_1_138,2592
HOBBIES_1_139,7012
HOBBIES_1_140,5034
HOBBIES_1_141,14583
HOBBIES_1_142,28161
HOBBIES_1_143,8109
HOBBIES_1_144,8768
HOBBIES_1_145,5940
HOBBIES_1_146,9894
HOBBIES_1_147,40354
HOBBIES_1_148,15101
HOBBIES_1_149,9497
HOBBIES_1_150,17255
HOBBIES_1_151,12759
HOBBIES_1_152,4477
HOBBIES_1_153,27268
HOBBIES_1_154,11291
HOBBIES_1_155,11716
HOBBIES_1_156,4547
HOBBIES_1_157,6797
HOBBIES_1_158,24859
HOBBIES_1_159,10043
HOBBIES_1_160,4358
HOBBIES_1_161,4131
HOBBIES_1_162,2167
HOBBIES_1_163,4521
HOBBIES_1_164,10923
HOBBIES_1_165,3958
HOBBIES_1_166,10920
HOBBIES_1_167,22122
HOBBIES_1_168,5280
HOBBIES_1_169,44391
HOBBIES_1_170,1510
HOBBIES_1_171,3631
HOBBIES_1_172,9676
HOBBIES_1_173,7544
HOBBIES_1_174,1538
HOBBIES_1_175,2563
HOBBIES_1_176,3044
HOBBIES_1_177,11868
HOBBIES_1_178,90433
HOBBIES_1_179,18040
HOBBIES_1_180,1317
HOBBIES_1_181,940
HOBBIES_1_183,4134
HOBBIES_1_184,3320
HOBBIES_1_185,5213
HOBBIES_1_186,1142
HOBBIES_1_187,5381
HOBBIES_1_188,1981
HOBBIES_1_189,57674
HOBBIES_1_190,1288
HOBBIES_1_191,1798
HOBBIES_1_192,1208
HOBBIES_1_193,5197
HOBBIES_1_194,22653
HOBBIES_1_195,6480
HOBBIES_1_197,2724
HOBBIES_1_198,8172
HOBBIES_1_199,6736
HOBBIES_1_200,8407
HOBBIES_1_201,22963
HOBBIES_1_202,18759
HOBBIES_1_203,3876
HOBBIES_1_204,4252
HOBBIES_1_205,1889
HOBBIES_1_206,4431
HOBBIES_1_207,5852
HOBBIES_1_208,5517
HOBBIES_1_209,49959
HOBBIES_1_210,9010
HOBBIES_1_211,8991
HOBBIES_1_212,943
HOBBIES_1_213,9519
HOBBIES_1_214,1950
HOBBIES_1_215,8676
HOBBIES_1_216,14256
HOBBIES_1_217,1635
HOBBIES_1_218,2535
HOBBIES_1_219,1696
HOBBIES_1_220,7275
HOBBIES_1_221,4849
HOBBIES_1_223,4829
HOBBIES_1_224,2710
HOBBIES_1_225,5250
HOBBIES_1_226,10994
HOBBIES_1_227,4336
HOBBIES_1_228,19334
HOBBIES_1_229,2027
HOBBIES_1_230,1710
HOBBIES_1_231,11294
HOBBIES_1_232,7917
HOBBIES_1_233,62438
HOBBIES_1_234,58244
HOBBIES_1_235,14149
HOBBIES_1_236,25056
HOBBIES_1_237,11706
HOBBIES_1_238,7228
HOBBIES_1_239,5653
HOBBIES_1_240,7912
HOBBIES_1_241,6681
HOBBIES_1_242,25010
HOBBIES_1_243,2495
HOBBIES_1_244,67748
HOBBIES_1_245,1808
HOBBIES_1_246,2981
HOBBIES_1_247,4821
HOBBIES_1_248,33717
HOBBIES_1_249,11229
HOBBIES_1_250,2733
HOBBIES_1_251,3606
HOBBIES_1_252,11108
HOBBIES_1_253,4207
HOBBIES_1_254,87155
HOBBIES_1_255,6544
HOBBIES_1_256,79121
HOBBIES_1_257,3277
HOBBIES_1_258,13362
HOBBIES_1_259,3734
HOBBIES_1_260,7324
HOBBIES_1_261,29776
HOBBIES_1_262,3048
HOBBIES_1_263,1812
HOBBIES_1_264,10677
HOBBIES_1_265,4096
HOBBIES_1_266,10471
HOBBIES_1_267,1773
HOBBIES_1_268,95171
HOBBIES_1_269,1177
HOBBIES_1_270,7871
HOBBIES_1_271,3098
HOBBIES_1_272,1606
HOBBIES_1_273,3972
HOBBIES_1_274,2756
HOBBIES_1_275,14591
HOBBIES_1_276,8561
HOBBIES_1_277,18333
HOBBIES_1_278,74840
HOBBIES_1_279,4700
HOBBIES_1_280,9083
HOBBIES_1_281,8278
HOBBIES_1_282,8307
HOBBIES_1_283,1484
HOBBIES_1_284,1958
HOBBIES_1_285,1405
HOBBIES_1_286,42294
HOBBIES_1_287,7649
HOBBIES_1_288,44969
HOBBIES_1_289,4003
HOBBIES_1_290,2850
HOBBIES_1_292,2615
HOBBIES_1_293,4246
HOBBIES_1_294,2095
HOBBIES_1_295,71999
HOBBIES_1_296,6158
HOBBIES_1_297,10957
HOBBIES_1_298,11841
HOBBIES_1_299,3596
HOBBIES_1_300,11546
HOBBIES_1_301,10332
HOBBIES_1_302,1501
HOBBIES_1_303,3280
HOBBIES_1_304,2498
HOBBIES_1_305,3062
HOBBIES_1_306,3993
HOBBIES_1_307,2200
HOBBIES_1_308,6314
HOBBIES_1_309,7274
HOBBIES_1_310,9622
HOBBIES_1_311,2270
HOBBIES_1_312,58036
HOBBIES_1_313,11109
HOBBIES_1_314,2184
HOBBIES_1_315,3174
HOBBIES_1_316,12871
HOBBIES_1_317,10111
HOBBIES_1_318,2408
HOBBIES_1_319,47422
HOBBIES_1_320,18941
HOBBIES_1_321,12013
HOBBIES_1_322,2923
HOBBIES_1_323,34880
HOBBIES_1_324,10251
HOBBIES_1_325,1531
HOBBIES_1_326,8642
HOBBIES_1_327,10563
HOBBIES_1_328,7573
HOBBIES_1_329,15530
HOBBIES_1_330,26310
HOBBIES_1_331,4869
HOBBIES_1_332,7767
HOBBIES_1_333,3574
HOBBIES_1_334,3383
HOBBIES_1_335,5040
HOBBIES_1_336,1269
HOBBIES_1_337,40584
HOBBIES_1_338,17748
HOBBIES_1_339,4723
HOBBIES_1_340,2841
HOBBIES_1_341,92427
HOBBIES_1_342,4142
HOBBIES_1_343,13271
HOBBIES_1_344,2336
HOBBIES_1_345,27313
HOBBIES_1_346,2801
HOBBIES_1_347,3797
HOBBIES_1_348,105876
HOBBIES_1_349,10033
HOBBIES_1_350,11517
HOBBIES_1_351,7812
HOBBIES_1_352,6666
HOBBIES_1_353,26231
HOBBIES_1_354,29320
HOBBIES_1_355,10950
HOBBIES_1_356,11009
HOBBIES_1_357,7291
HOBBIES_1_358,9301
HOBBIES_1_359,2249
HOBBIES_1_360,2804
HOBBIES_1_361,4585
HOBBIES_1_362,2455
HOBBIES_1_363,5584
HOBBIES_1_364,15720
HOBBIES_1_365,2505
HOBBIES_1_366,2474
HOBBIES_1_367,15095
HOBBIES_1_368,3723
HOBBIES_1_369,22822
HOBBIES_1_370,89792
HOBBIES_1_371,122565
HOBBIES_1_372,14207
HOBBIES_1_373,7002
HOBBIES_1_374,7337
HOBBIES_1_375,1316
HOBBIES_1_376,2764
HOBBIES_1_377,3461
HOBBIES_1_378,12288
HOBBIES_1_379,21920
HOBBIES_1_380,14745
HOBBIES_1_381,55372
HOBBIES_1_382,8853
HOBBIES_1_383,8069
HOBBIES_1_384,9088
HOBBIES_1_385,1758
HOBBIES_1_386,5200
HOBBIES_1_387,40344
HOBBIES_1_388,11936
HOBBIES_1_389,947
HOBBIES_1_390,5011
HOBBIES_1_391,2985
HOBBIES_1_392,3268
HOBBIES_1_393,2445
HOBBIES_1_394,12366
HOBBIES_1_395,2631
HOBBIES_1_396,2361
HOBBIES_1_397,6499
HOBBIES_1_398,56015
HOBBIES_1_399,6667
HOBBIES_1_400,21145
HOBBIES_1_401,1851
HOBBIES_1_402,1474
HOBBIES_1_403,3222
HOBBIES_1_404,74830
HOBBIES_1_405,3735
HOBBIES_1_406,4381
HOBBIES_1_407,15776
HOBBIES_1_408,29777
HOBBIES_1_409,11326
HOBBIES_1_410,2679
HOBBIES_1_411,9185
HOBBIES_1_412,7668
HOBBIES_1_413,13669
HOBBIES_1_414,8221
HOBBIES_1_415,13946
HOBBIES_1_416,18595
HOBBIES_1_417,52723
HOBBIES_1_418,4758
HOBBIES_1_419,3817
HOBBIES_1_420,13505
HOBBIES_1_421,6659
HOBBIES_1_422,2715
HOBBIES_1_423,13822
HOBBIES_1_424,15307
HOBBIES_2_001,1561
HOBBIES_2_002,3961
HOBBIES_2_003,6117
HOBBIES_2_004,3200
HOBBIES_2_005,1454
HOBBIES_2_006,2221
HOBBIES_2_007,6812
HOBBIES_2_008,2317
HOBBIES_2_009,7257
HOBBIES_2_010,1011
HOBBIES_2_011,4572
HOBBIES_2_012,971
HOBBIES_2_013,1881
HOBBIES_2_014,1147
HOBBIES_2_015,1111
HOBBIES_2_016,2913
HOBBIES_2_017,2720
HOBBIES_2_018,3559
HOBBIES_2_019,1933
HOBBIES_2_020,2442
HOBBIES_2_021,1135
HOBBIES_2_022,3182
HOBBIES_2_023,800
HOBBIES_2_024,4163
HOBBIES_2_025,880
HOBBIES_2_026,1827
HOBBIES_2_027,960
HOBBIES_2_028,6890
HOBBIES_2_029,5144
HOBBIES_2_030,1117
HOBBIES_2_031,971
HOBBIES_2_032,7773
HOBBIES_2_033,13058
HOBBIES_2_034,1683
HOBBIES_2_035,1113
HOBBIES_2_036,14317
HOBBIES_2_037,1534
HOBBIES_2_038,1753
HOBBIES_2_039,2623
HOBBIES_2_040,1038
HOBBIES_2_041,2149
HOBBIES_2_042,4697
HOBBIES_2_043,6638
HOBBIES_2_044,2052
HOBBIES_2_045,1809
HOBBIES_2_046,3253
HOBBIES_2_047,1025
HOBBIES_2_048,4657
HOBBIES_2_049,2042
HOBBIES_2_050,2658
HOBBIES_2_051,3358
HOBBIES_2_052,2121
HOBBIES_2_053,6102
HOBBIES_2_054,1954
HOBBIES_2_055,1397
HOBBIES_2_056,1534
HOBBIES_2_057,2405
HOBBIES_2_058,2453
HOBBIES_2_059,21849
HOBBIES_2_060,4656
HOBBIES_2_061,3722
HOBBIES_2_062,2346
HOBBIES_2_063,3968
HOBBIES_2_064,1524
HOBBIES_2_065,1279
HOBBIES_2_066,1578
HOBBIES_2_067,1449
HOBBIES_2_068,3187
HOBBIES_2_069,3424
HOBBIES_2_070,1599
HOBBIES_2_071,2483
HOBBIES_2_072,1919
HOBBIES_2_073,1670
HOBBIES_2_074,2618
HOBBIES_2_075,18288
HOBBIES_2_076,6170
HOBBIES_2_077,886
HOBBIES_2_078,3580
HOBBIES_2_079,1109
HOBBIES_2_080,1504
HOBBIES_2_081,2358
HOBBIES_2_082,895
HOBBIES_2_083,5055
HOBBIES_2_084,746
HOBBIES_2_085,5917
HOBBIES_2_086,1220
HOBBIES_2_087,2174
HOBBIES_2_088,4841
HOBBIES_2_089,6196
HOBBIES_2_090,1531
HOBBIES_2_091,5342
HOBBIES_2_092,2048
HOBBIES_2_093,3213
HOBBIES_2_094,1690
HOBBIES_2_095,1396
HOBBIES_2_096,4135
HOBBIES_2_097,1946
HOBBIES_2_098,4996
HOBBIES_2_099,847
HOBBIES_2_100,5620
HOBBIES_2_101,2227
HOBBIES_2_102,2289
HOBBIES_2_103,5055
HOBBIES_2_104,2039
HOBBIES_2_105,2925
HOBBIES_2_106,973
HOBBIES_2_107,4874
HOBBIES_2_108,923
HOBBIES_2_109,1840
HOBBIES_2_110,1824
HOBBIES_2_111,770
HOBBIES_2_112,2426
HOBBIES_2_113,2556
HOBBIES_2_114,2243
HOBBIES_2_115,9206
HOBBIES_2_116,3718
HOBBIES_2_117,6300
HOBBIES_2_118,3434
HOBBIES_2_119,660
HOBBIES_2_120,7187
HOBBIES_2_121,4382
HOBBIES_2_122,3760
HOBBIES_2_123,2746
HOBBIES_2_124,9746
HOBBIES_2_125,2219
HOBBIES_2_126,4171
HOBBIES_2_127,1111
HOBBIES_2_128,3504
HOBBIES_2_129,13694
HOBBIES_2_130,4334
HOBBIES_2_131,6078
HOBBIES_2_132,1295
HOBBIES_2_133,4594
HOBBIES_2_134,1442
HOBBIES_2_135,1736
HOBBIES_2_136,4379
HOBBIES_2_137,2282
HOBBIES_2_138,1045
HOBBIES_2_139,2210
HOBBIES_2_140,3576
HOBBIES_2_141,2231
HOBBIES_2_142,24611
HOBBIES_2_143,2205
HOBBIES_2_144,1614
HOBBIES_2_145,5357
HOBBIES_2_146,4218
HOBBIES_2_147,3165
HOBBIES_2_148,3759
HOBBIES_2_149,3008
HOUSEHOLD_1_001,5749
HOUSEHOLD_1_002,8617
HOUSEHOLD_1_003,10911
HOUSEHOLD_1_004,31060
HOUSEHOLD_1_005,18066
HOUSEHOLD_1_006,14632
HOUSEHOLD_1_007,36078
HOUSEHOLD_1_008,7727
HOUSEHOLD_1_009,3390
HOUSEHOLD_1_010,7244
HOUSEHOLD_1_011,19068
HOUSEHOLD_1_012,7239
HOUSEHOLD_1_013,14261
HOUSEHOLD_1_014,10156
HOUSEHOLD_1_015,5016
HOUSEHOLD_1_016,28603
HOUSEHOLD_1_017,14281
HOUSEHOLD_1_018,11805
HOUSEHOLD_1_019,124319
HOUSEHOLD_1_020,2682
HOUSEHOLD_1_021,28837
HOUSEHOLD_1_022,3999
HOUSEHOLD_1_023,4902
HOUSEHOLD_1_024,9824
HOUSEHOLD_1_025,16277
HOUSEHOLD_1_026,9142
HOUSEHOLD_1_027,52145
HOUSEHOLD_1_028,21873
HOUSEHOLD_1_029,18204
HOUSEHOLD_1_030,16617
HOUSEHOLD_1_032,26097
HOUSEHOLD_1_033,14027
HOUSEHOLD_1_034,9202
HOUSEHOLD_1_035,5023
HOUSEHOLD_1_036,2042
HOUSEHOLD_1_037,6503
HOUSEHOLD_1_038,21270
HOUSEHOLD_1_039,25303
HOUSEHOLD_1_040,65124
HOUSEHOLD_1_042,11120
HOUSEHOLD_1_043,4453
HOUSEHOLD_1_044,3538
HOUSEHOLD_1_045,42590
HOUSEHOLD_1_046,12790
HOUSEHOLD_1_047,9932
HOUSEHOLD_1_048,36610
HOUSEHOLD_1_049,4715
HOUSEHOLD_1_050,23034
HOUSEHOLD_1_051,72161
HOUSEHOLD_1_052,4275
HOUSEHOLD_1_053,34400
HOUSEHOLD_1_054,1557
HOUSEHOLD_1_055,39789
HOUSEHOLD_1_056,8542
HOUSEHOLD_1_057,3523
HOUSEHOLD_1_058,11412
HOUSEHOLD_1_059,18165
HOUSEHOLD_1_060,1065
HOUSEHOLD_1_061,20231
HOUSEHOLD_1_062,20909
HOUSEHOLD_1_063,5537
HOUSEHOLD_1_064,2626
HOUSEHOLD_1_065,10287
HOUSEHOLD_1_066,50828
HOUSEHOLD_1_067,17417
HOUSEHOLD_1_068,13467
HOUSEHOLD_1_069,14109
HOUSEHOLD_1_070,10225
HOUSEHOLD_1_071,36095
HOUSEHOLD_1_072,69608
HOUSEHOLD_1_073,8169
HOUSEHOLD_1_074,10196
HOUSEHOLD_1_075,39160
HOUSEHOLD_1_076,4001
HOUSEHOLD_1_077,9433
HOUSEHOLD_1_078,11939
HOUSEHOLD_1_079,19147
HOUSEHOLD_1_080,7965
HOUSEHOLD_1_081,7272
HOUSEHOLD_1_082,21220
HOUSEHOLD_1_083,128097
HOUSEHOLD_1_085,2385
HOUSEHOLD_1_086,37767
HOUSEHOLD_1_087,25165
HOUSEHOLD_1_088,13190
HOUSEHOLD_1_089,6710
HOUSEHOLD_1_090,53191
HOUSEHOLD_1_091,8876
HOUSEHOLD_1_092,2417
HOUSEHOLD_1_093,11901
HOUSEHOLD_1_094,21011
HOUSEHOLD_1_095,9045
HOUSEHOLD_1_096,73430
HOUSEHOLD_1_097,10921
HOUSEHOLD_1_098,3954
HOUSEHOLD_1_099,10777
HOUSEHOLD_1_100,20844
HOUSEHOLD_1_101,14843
HOUSEHOLD_1_102,7782
HOUSEHOLD_1_103,20326
HOUSEHOLD_1_104,1443
HOUSEHOLD_1_105,11581
HOUSEHOLD_1_106,29644
HOUSEHOLD_1_107,21577
HOUSEHOLD_1_108,2954
HOUSEHOLD_1_109,30442
HOUSEHOLD_1_110,146719
HOUSEHOLD_1_112,26436
HOUSEHOLD_1_113,14065
HOUSEHOLD_1_114,72525
HOUSEHOLD_1_115,5741
HOUSEHOLD_1_116,2720
HOUSEHOLD_1_117,8369
HOUSEHOLD_1_118,119547
HOUSEHOLD_1_119,21624
HOUSEHOLD_1_120,5401
HOUSEHOLD_1_121,13029
HOUSEHOLD_1_122,34128
HOUSEHOLD_1_123,8305
HOUSEHOLD_1_124,25109
HOUSEHOLD_1_125,9373
HOUSEHOLD_1_126,7738
HOUSEHOLD_1_127,18914
HOUSEHOLD_1_128,27871
HOUSEHOLD_1_129,26414
HOUSEHOLD_1_130,12944
HOUSEHOLD_1_131,5477
HOUSEHOLD_1_132,28906
HOUSEHOLD_1_133,7368
HOUSEHOLD_1_134,8071
HOUSEHOLD_1_135,17817
HOUSEHOLD_1_136,15738
HOUSEHOLD_1_137,2060
HOUSEHOLD_1_138,20608
HOUSEHOLD_1_139,1976
HOUSEHOLD_1_140,20921
HOUSEHOLD_1_141,27229
HOUSEHOLD_1_142,17119
HOUSEHOLD_1_143,24506
HOUSEHOLD_1_144,6483
HOUSEHOLD_1_145,21776
HOUSEHOLD_1_146,17132
HOUSEHOLD_1_147,37611
HOUSEHOLD_1_148,4144
HOUSEHOLD_1_149,44637
HOUSEHOLD_1_150,3941
HOUSEHOLD_1_151,97164
HOUSEHOLD_1_152,2589
HOUSEHOLD_1_153,20585
HOUSEHOLD_1_154,6341
HOUSEHOLD_1_155,8411
HOUSEHOLD_1_156,11024
HOUSEHOLD_1_157,15400
HOUSEHOLD_1_158,10610
HOUSEHOLD_1_159,2541
HOUSEHOLD_1_160,10782
HOUSEHOLD_1_161,3961
HOUSEHOLD_1_162,22567
HOUSEHOLD_1_163,1537
HOUSEHOLD_1_164,9474
HOUSEHOLD_1_165,13484
HOUSEHOLD_1_166,11642
HOUSEHOLD_1_167,11175
HOUSEHOLD_1_168,16869
HOUSEHOLD_1_169,40986
HOUSEHOLD_1_170,16124
HOUSEHOLD_1_171,17105
HOUSEHOLD_1_172,7893
HOUSEHOLD_1_173,57464
HOUSEHOLD_1_174,4977
HOUSEHOLD_1_175,13449
HOUSEHOLD_1_176,15316
HOUSEHOLD_1_177,39790
HOUSEHOLD_1_178,7601
HOUSEHOLD_1_179,112005
HOUSEHOLD_1_180,20492
HOUSEHOLD_1_181,11319
HOUSEHOLD_1_182,10975
HOUSEHOLD_1_183,8012
HOUSEHOLD_1_184,13703
HOUSEHOLD_1_185,11850
HOUSEHOLD_1_186,38623
HOUSEHOLD_1_187,2672
HOUSEHOLD_1_188,21485
HOUSEHOLD_1_189,4000
HOUSEHOLD_1_190,4710
HOUSEHOLD_1_191,68423
HOUSEHOLD_1_192,8990
HOUSEHOLD_1_193,10851
HOUSEHOLD_1_194,16734
HOUSEHOLD_1_195,5529
HOUSEHOLD_1_196,41106
HOUSEHOLD_1_197,27588
HOUSEHOLD_1_198,109692
HOUSEHOLD_1_199,3214
HOUSEHOLD_1_200,7086
HOUSEHOLD_1_201,3354
HOUSEHOLD_1_202,28392
HOUSEHOLD_1_203,15473
HOUSEHOLD_1_204,18157
HOUSEHOLD_1_205,27045
HOUSEHOLD_1_206,6592
HOUSEHOLD_1_207,8372
HOUSEHOLD_1_208,7659
HOUSEHOLD_1_209,2583
HOUSEHOLD_1_210,7358
HOUSEHOLD_1_211,9876
HOUSEHOLD_1_212,16985
HOUSEHOLD_1_213,6035
HOUSEHOLD_1_214,43992
HOUSEHOLD_1_215,20094
HOUSEHOLD_1_216,1061
HOUSEHOLD_1_217,17880
HOUSEHOLD_1_218,22285
HOUSEHOLD_1_219,12637
HOUSEHOLD_1_220,18250
HOUSEHOLD_1_221,4987
HOUSEHOLD_1_222,20983
HOUSEHOLD_1_223,10737
HOUSEHOLD_1_224,11903
HOUSEHOLD_1_225,37736
HOUSEHOLD_1_226,12603
HOUSEHOLD_1_227,8390
HOUSEHOLD_1_228,8433
HOUSEHOLD_1_229,5031
HOUSEHOLD_1_230,9526
HOUSEHOLD_1_231,4519
HOUSEHOLD_1_232,10031
HOUSEHOLD_1_233,5654
HOUSEHOLD_1_234,121896
HOUSEHOLD_1_235,52721
HOUSEHOLD_1_236,40761
HOUSEHOLD_1_237,2641
HOUSEHOLD_1_238,11832
HOUSEHOLD_1_239,5734
HOUSEHOLD_1_241,11515
HOUSEHOLD_1_242,1991
HOUSEHOLD_1_243,43953
HOUSEHOLD_1_244,5262
HOUSEHOLD_1_245,8715
HOUSEHOLD_1_246,12335
HOUSEHOLD_1_247,61300
HOUSEHOLD_1_248,11267
HOUSEHOLD_1_249,13042
HOUSEHOLD_1_250,1950
HOUSEHOLD_1_251,32773
HOUSEHOLD_1_252,5489
HOUSEHOLD_1_253,2972
HOUSEHOLD_1_254,51750
HOUSEHOLD_1_255,7866
HOUSEHOLD_1_256,16741
HOUSEHOLD_1_257,9404
HOUSEHOLD_1_258,1299
HOUSEHOLD_1_259,19068
HOUSEHOLD_1_260,1387
HOUSEHOLD_1_261,3944
HOUSEHOLD_1_262,43559
HOUSEHOLD_1_263,3570
HOUSEHOLD_1_264,2020
HOUSEHOLD_1_265,13364
HOUSEHOLD_1_266,6700
HOUSEHOLD_1_267,4683
HOUSEHOLD_1_268,15595
HOUSEHOLD_1_269,11987
HOUSEHOLD_1_270,8788
HOUSEHOLD_1_271,3276
HOUSEHOLD_1_272,52844
HOUSEHOLD_1_274,1749
HOUSEHOLD_1_275,29184
HOUSEHOLD_1_276,3441
HOUSEHOLD_1_277,107336
HOUSEHOLD_1_278,7114
HOUSEHOLD_1_279,21225
HOUSEHOLD_1_280,11274
HOUSEHOLD_1_281,8757
HOUSEHOLD_1_282,14613
HOUSEHOLD_1_283,18279
HOUSEHOLD_1_284,8118
HOUSEHOLD_1_285,32737
HOUSEHOLD_1_286,2339
HOUSEHOLD_1_287,20760
HOUSEHOLD_1_288,9831
HOUSEHOLD_1_289,15089
HOUSEHOLD_1_290,13238
HOUSEHOLD_1_291,17730
HOUSEHOLD_1_292,23325
HOUSEHOLD_1_293,7137
HOUSEHOLD_1_294,70920
HOUSEHOLD_1_295,11133
HOUSEHOLD_1_296,3655
HOUSEHOLD_1_297,2126
HOUSEHOLD_1_298,8678
HOUSEHOLD_1_299,8425
HOUSEHOLD_1_300,1131
HOUSEHOLD_1_301,13226
HOUSEHOLD_1_302,5052
HOUSEHOLD_1_303,148818
HOUSEHOLD_1_304,75780
HOUSEHOLD_1_305,10852
HOUSEHOLD_1_306,22534
HOUSEHOLD_1_307,14626
HOUSEHOLD_1_308,1566
HOUSEHOLD_1_309,5719
HOUSEHOLD_1_310,33637
HOUSEHOLD_1_311,5034
HOUSEHOLD_1_312,7923
HOUSEHOLD_1_313,11309
HOUSEHOLD_1_314,2222
HOUSEHOLD_1_315,4118
HOUSEHOLD_1_316,13351
HOUSEHOLD_1_317,6902
HOUSEHOLD_1_318,34742
HOUSEHOLD_1_319,56657
HOUSEHOLD_1_320,4690
HOUSEHOLD_1_321,37668
HOUSEHOLD_1_322,8846
HOUSEHOLD_1_323,8509
HOUSEHOLD_1_324,21280
HOUSEHOLD_1_325,13952
HOUSEHOLD_1_326,9559
HOUSEHOLD_1_327,129262
HOUSEHOLD_1_328,22361
HOUSEHOLD_1_329,14143
HOUSEHOLD_1_330,7976
HOUSEHOLD_1_331,19214
HOUSEHOLD_1_332,2966
HOUSEHOLD_1_333,10953
HOUSEHOLD_1_334,171275
HOUSEHOLD_1_335,3965
HOUSEHOLD_1_336,14269
HOUSEHOLD_1_337,3716
HOUSEHOLD_1_338,24929
HOUSEHOLD_1_339,115453
HOUSEHOLD_1_340,4519
HOUSEHOLD_1_341,10436
HOUSEHOLD_1_342,8564
HOUSEHOLD_1_343,31829
HOUSEHOLD_1_344,38942
HOUSEHOLD_1_345,19411
HOUSEHOLD_1_346,9924
HOUSEHOLD_1_347,27450
HOUSEHOLD_1_348,29510
HOUSEHOLD_1_349,15979
HOUSEHOLD_1_350,23297
HOUSEHOLD_1_351,109455
HOUSEHOLD_1_353,9062
HOUSEHOLD_1_354,29041
HOUSEHOLD_1_355,6664
HOUSEHOLD_1_356,12703
HOUSEHOLD_1_357,18673
HOUSEHOLD_1_358,9942
HOUSEHOLD_1_359,12686
HOUSEHOLD_1_360,6725
HOUSEHOLD_1_361,27028
HOUSEHOLD_1_362,8257
HOUSEHOLD_1_363,6535
HOUSEHOLD_1_364,11419
HOUSEHOLD_1_365,12990
HOUSEHOLD_1_366,46002
HOUSEHOLD_1_367,4204
HOUSEHOLD_1_368,5771
HOUSEHOLD_1_369,23124
HOUSEHOLD_1_370,27838
HOUSEHOLD_1_371,6030
HOUSEHOLD_1_372,28653
HOUSEHOLD_1_373,90359
HOUSEHOLD_1_374,9683
HOUSEHOLD_1_375,7178
HOUSEHOLD_1_376,18733
HOUSEHOLD_1_377,9930
HOUSEHOLD_1_378,855
HOUSEHOLD_1_379,46121
HOUSEHOLD_1_380,5524
HOUSEHOLD_1_381,17763
HOUSEHOLD_1_382,6792
HOUSEHOLD_1_383,13712
HOUSEHOLD_1_384,6280
HOUSEHOLD_1_385,31768
HOUSEHOLD_1_386,27530
HOUSEHOLD_1_387,49404
HOUSEHOLD_1_388,2725
HOUSEHOLD_1_389,97792
HOUSEHOLD_1_390,6281
HOUSEHOLD_1_393,34248
HOUSEHOLD_1_394,8177
HOUSEHOLD_1_395,11263
HOUSEHOLD_1_396,7987
HOUSEHOLD_1_397,21942
HOUSEHOLD_1_398,8745
HOUSEHOLD_1_399,66560
HOUSEHOLD_1_400,4120
HOUSEHOLD_1_401,5547
HOUSEHOLD_1_402,1400
HOUSEHOLD_1_403,6479
HOUSEHOLD_1_404,31239
HOUSEHOLD_1_405,3184
HOUSEHOLD_1_406,6345
HOUSEHOLD_1_407,6941
HOUSEHOLD_1_408,21211
HOUSEHOLD_1_409,104560
HOUSEHOLD_1_410,38706
HOUSEHOLD_1_411,32803
HOUSEHOLD_1_412,8680
HOUSEHOLD_1_413,17877
HOUSEHOLD_1_414,64582
HOUSEHOLD_1_415,5268
HOUSEHOLD_1_416,55639
HOUSEHOLD_1_417,8983
HOUSEHOLD_1_418,116448
HOUSEHOLD_1_419,3688
HOUSEHOLD_1_420,5710
HOUSEHOLD_1_421,10206
HOUSEHOLD_1_422,8053
HOUSEHOLD_1_423,1662
HOUSEHOLD_1_424,12694
HOUSEHOLD_1_425,39727
HOUSEHOLD_1_426,22918
HOUSEHOLD_1_427,53233
HOUSEHOLD_1_428,9193
HOUSEHOLD_1_429,37672
HOUSEHOLD_1_430,32669
HOUSEHOLD_1_431,12123
HOUSEHOLD_1_432,9321
HOUSEHOLD_1_433,1658
HOUSEHOLD_1_434,42203
HOUSEHOLD_1_435,3386
HOUSEHOLD_1_436,7648
HOUSEHOLD_1_437,33982
HOUSEHOLD_1_438,22334
HOUSEHOLD_1_439,97183
HOUSEHOLD_1_440,22696
HOUSEHOLD_1_441,39180
HOUSEHOLD_1_442,5903
HOUSEHOLD_1_443,29126
HOUSEHOLD_1_444,4267
HOUSEHOLD_1_445,35968
HOUSEHOLD_1_446,10438
HOUSEHOLD_1_447,111659
HOUSEHOLD_1_448,54616
HOUSEHOLD_1_449,10276
HOUSEHOLD_1_450,8803
HOUSEHOLD_1_451,5399
HOUSEHOLD_1_452,11642
HOUSEHOLD_1_453,30277
HOUSEHOLD_1_454,5333
HOUSEHOLD_1_455,8090
HOUSEHOLD_1_456,13938
HOUSEHOLD_1_457,15546
HOUSEHOLD_1_458,19149
HOUSEHOLD_1_459,170532
HOUSEHOLD_1_460,21397
HOUSEHOLD_1_461,29822
HOUSEHOLD_1_462,38935
HOUSEHOLD_1_463,4221
HOUSEHOLD_1_464,5892
HOUSEHOLD_1_465,116846
HOUSEHOLD_1_466,2165
HOUSEHOLD_1_467,5855
HOUSEHOLD_1_468,11982
HOUSEHOLD_1_469,19986
HOUSEHOLD_1_470,9525
HOUSEHOLD_1_471,14553
HOUSEHOLD_1_472,5122
HOUSEHOLD_1_473,57993
HOUSEHOLD_1_474,77106
HOUSEHOLD_1_475,15607
HOUSEHOLD_1_476,2934
HOUSEHOLD_1_477,9692
HOUSEHOLD_1_478,34296
HOUSEHOLD_1_479,10488
HOUSEHOLD_1_480,8675
HOUSEHOLD_1_481,13774
HOUSEHOLD_1_482,16924
HOUSEHOLD_1_483,6529
HOUSEHOLD_1_484,3243
HOUSEHOLD_1_485,9758
HOUSEHOLD_1_486,9069
HOUSEHOLD_1_487,23076
HOUSEHOLD_1_488,21532
HOUSEHOLD_1_489,4597
HOUSEHOLD_1_490,14885
HOUSEHOLD_1_491,7063
HOUSEHOLD_1_492,7178
HOUSEHOLD_1_493,6482
HOUSEHOLD_1_494,47760
HOUSEHOLD_1_495,8903
HOUSEHOLD_1_496,1823
HOUSEHOLD_1_497,16794
HOUSEHOLD_1_498,40345
HOUSEHOLD_1_499,8291
HOUSEHOLD_1_500,3444
HOUSEHOLD_1_501,3488
HOUSEHOLD_1_502,1194
HOUSEHOLD_1_503,40171
HOUSEHOLD_1_504,5376
HOUSEHOLD_1_505,34639
HOUSEHOLD_1_506,59250
HOUSEHOLD_1_507,12416
HOUSEHOLD_1_508,12949
HOUSEHOLD_1_509,7231
HOUSEHOLD_1_510,23039
HOUSEHOLD_1_511,19099
HOUSEHOLD_1_512,1770
HOUSEHOLD_1_513,11173
HOUSEHOLD_1_514,78093
HOUSEHOLD_1_515,22031
HOUSEHOLD_1_516,58917
HOUSEHOLD_1_517,64073
HOUSEHOLD_1_518,9456
HOUSEHOLD_1_519,24086
HOUSEHOLD_1_520,10508
HOUSEHOLD_1_521,153340
HOUSEHOLD_1_522,26050
HOUSEHOLD_1_523,1357
HOUSEHOLD_1_524,8881
HOUSEHOLD_1_525,6438
HOUSEHOLD_1_526,1747
HOUSEHOLD_1_527,8047
HOUSEHOLD_1_528,21817
HOUSEHOLD_1_529,11891
HOUSEHOLD_1_530,9989
HOUSEHOLD_1_531,10878
HOUSEHOLD_1_532,15691
HOUSEHOLD_1_533,6610
HOUSEHOLD_1_534,3000
HOUSEHOLD_1_535,80783
HOUSEHOLD_1_536,17640
HOUSEHOLD_1_537,21107
HOUSEHOLD_1_538,19683
HOUSEHOLD_1_539,26976
HOUSEHOLD_1_540,35841
HOUSEHOLD_1_541,32594
HOUSEHOLD_2_001,5605
HOUSEHOLD_2_002,12539
HOUSEHOLD_2_003,7512
HOUSEHOLD_2_004,2342
HOUSEHOLD_2_005,757
HOUSEHOLD_2_006,1568
HOUSEHOLD_2_007,4258
HOUSEHOLD_2_008,2830
HOUSEHOLD_2_009,3054
HOUSEHOLD_2_010,2852
HOUSEHOLD_2_011,7247
HOUSEHOLD_2_012,6260
HOUSEHOLD_2_013,3866
HOUSEHOLD_2_014,3034
HOUSEHOLD_2_015,4227
HOUSEHOLD_2_016,6166
HOUSEHOLD_2_017,1438
HOUSEHOLD_2_018,1160
HOUSEHOLD_2_019,3397
HOUSEHOLD_2_020,1362
HOUSEHOLD_2_021,5818
HOUSEHOLD_2_022,3619
HOUSEHOLD_2_023,2311
HOUSEHOLD_2_024,5165
HOUSEHOLD_2_025,7097
HOUSEHOLD_2_026,1466
HOUSEHOLD_2_027,1082
HOUSEHOLD_2_028,3500
HOUSEHOLD_2_029,4116
HOUSEHOLD_2_030,8030
HOUSEHOLD_2_031,3713
HOUSEHOLD_2_032,2282
HOUSEHOLD_2_033,6569
HOUSEHOLD_2_034,1509
HOUSEHOLD_2_035,8199
HOUSEHOLD_2_036,7917
HOUSEHOLD_2_037,11105
HOUSEHOLD_2_038,2814
HOUSEHOLD_2_039,4364
HOUSEHOLD_2_040,1793
HOUSEHOLD_2_041,4373
HOUSEHOLD_2_042,1080
HOUSEHOLD_2_043,5337
HOUSEHOLD_2_044,14676
HOUSEHOLD_2_045,4182
HOUSEHOLD_2_046,2830
HOUSEHOLD_2_047,9413
HOUSEHOLD_2_048,4873
HOUSEHOLD_2_049,8277
HOUSEHOLD_2_050,7756
HOUSEHOLD_2_051,5211
HOUSEHOLD_2_052,7234
HOUSEHOLD_2_053,4044
HOUSEHOLD_2_054,9005
HOUSEHOLD_2_055,3937
HOUSEHOLD_2_056,3229
HOUSEHOLD_2_057,1019
HOUSEHOLD_2_058,2372
HOUSEHOLD_2_059,17557
HOUSEHOLD_2_060,807
HOUSEHOLD_2_061,8371
HOUSEHOLD_2_062,12286
HOUSEHOLD_2_063,3024
HOUSEHOLD_2_064,7030
HOUSEHOLD_2_065,1163
HOUSEHOLD_2_066,1307
HOUSEHOLD_2_067,4125
HOUSEHOLD_2_068,7750
HOUSEHOLD_2_069,2370
HOUSEHOLD_2_070,8294
HOUSEHOLD_2_071,6511
HOUSEHOLD_2_072,4279
HOUSEHOLD_2_073,921
HOUSEHOLD_2_074,21324
HOUSEHOLD_2_075,15023
HOUSEHOLD_2_076,9000
HOUSEHOLD_2_077,816
HOUSEHOLD_2_078,7345
HOUSEHOLD_2_079,4407
HOUSEHOLD_2_080,1875
HOUSEHOLD_2_081,3660
HOUSEHOLD_2_082,7956
HOUSEHOLD_2_083,2864
HOUSEHOLD_2_084,11035
HOUSEHOLD_2_085,1294
HOUSEHOLD_2_086,959
HOUSEHOLD_2_087,1047
HOUSEHOLD_2_088,4952
HOUSEHOLD_2_089,9648
HOUSEHOLD_2_090,6428
HOUSEHOLD_2_091,1951
HOUSEHOLD_2_092,1706
HOUSEHOLD_2_093,7695
HOUSEHOLD_2_094,1452
HOUSEHOLD_2_095,3171
HOUSEHOLD_2_096,7614
HOUSEHOLD_2_097,1321
HOUSEHOLD_2_098,4245
HOUSEHOLD_2_099,2553
HOUSEHOLD_2_100,2498
HOUSEHOLD_2_101,568
HOUSEHOLD_2_102,9205
HOUSEHOLD_2_103,3073
HOUSEHOLD_2_104,3118
HOUSEHOLD_2_105,3247
HOUSEHOLD_2_106,1936
HOUSEHOLD_2_107,2652
HOUSEHOLD_2_108,2839
HOUSEHOLD_2_109,3707
HOUSEHOLD_2_110,16938
HOUSEHOLD_2_111,3712
HOUSEHOLD_2_112,4250
HOUSEHOLD_2_113,7573
HOUSEHOLD_2_114,2998
HOUSEHOLD_2_115,18178
HOUSEHOLD_2_116,2245
HOUSEHOLD_2_117,6106
HOUSEHOLD_2_118,9393
HOUSEHOLD_2_119,6473
HOUSEHOLD_2_120,944
HOUSEHOLD_2_121,3209
HOUSEHOLD_2_122,4729
HOUSEHOLD_2_123,2189
HOUSEHOLD_2_124,7447
HOUSEHOLD_2_125,2435
HOUSEHOLD_2_126,2620
HOUSEHOLD_2_127,2838
HOUSEHOLD_2_128,5609
HOUSEHOLD_2_129,2459
HOUSEHOLD_2_130,789
HOUSEHOLD_2_131,3227
HOUSEHOLD_2_132,1388
HOUSEHOLD_2_133,5444
HOUSEHOLD_2_134,1285
HOUSEHOLD_2_135,8863
HOUSEHOLD_2_136,8371
HOUSEHOLD_2_137,4186
HOUSEHOLD_2_138,1598
HOUSEHOLD_2_139,6376
HOUSEHOLD_2_140,15858
HOUSEHOLD_2_141,1461
HOUSEHOLD_2_142,26023
HOUSEHOLD_2_143,5746
HOUSEHOLD_2_144,2117
HOUSEHOLD_2_145,10856
HOUSEHOLD_2_146,1990
HOUSEHOLD_2_147,1155
HOUSEHOLD_2_148,3601
HOUSEHOLD_2_149,1078
HOUSEHOLD_2_150,2540
HOUSEHOLD_2_151,1168
HOUSEHOLD_2_152,3874
HOUSEHOLD_2_153,2420
HOUSEHOLD_2_154,7391
HOUSEHOLD_2_155,5870
HOUSEHOLD_2_156,3327
HOUSEHOLD_2_157,1019
HOUSEHOLD_2_158,2115
HOUSEHOLD_2_159,15294
HOUSEHOLD_2_160,19131
HOUSEHOLD_2_161,967
HOUSEHOLD_2_162,1182
HOUSEHOLD_2_163,4769
HOUSEHOLD_2_164,2210
HOUSEHOLD_2_165,2349
HOUSEHOLD_2_166,4565
HOUSEHOLD_2_167,3787
HOUSEHOLD_2_168,2824
HOUSEHOLD_2_169,1590
HOUSEHOLD_2_170,9889
HOUSEHOLD_2_171,3480
HOUSEHOLD_2_172,10878
HOUSEHOLD_2_173,4439
HOUSEHOLD_2_174,2271
HOUSEHOLD_2_175,718
HOUSEHOLD_2_176,36283
HOUSEHOLD_2_177,1963
HOUSEHOLD_2_178,7052
HOUSEHOLD_2_179,3703
HOUSEHOLD_2_180,3819
HOUSEHOLD_2_182,3546
HOUSEHOLD_2_183,8709
HOUSEHOLD_2_184,10332
HOUSEHOLD_2_185,8656
HOUSEHOLD_2_186,879
HOUSEHOLD_2_187,5152
HOUSEHOLD_2_188,3195
HOUSEHOLD_2_189,1603
HOUSEHOLD_2_190,5649
HOUSEHOLD_2_191,9523
HOUSEHOLD_2_192,1727
HOUSEHOLD_2_193,9636
HOUSEHOLD_2_194,1193
HOUSEHOLD_2_195,4783
HOUSEHOLD_2_196,10772
HOUSEHOLD_2_197,15829
HOUSEHOLD_2_198,3670
HOUSEHOLD_2_199,16324
HOUSEHOLD_2_200,7975
HOUSEHOLD_2_201,12415
HOUSEHOLD_2_202,1121
HOUSEHOLD_2_203,10471
HOUSEHOLD_2_204,2039
HOUSEHOLD_2_205,2335
HOUSEHOLD_2_206,3693
HOUSEHOLD_2_207,4822
HOUSEHOLD_2_208,2637
HOUSEHOLD_2_209,4474
HOUSEHOLD_2_210,1753
HOUSEHOLD_2_211,1319
HOUSEHOLD_2_212,19446
HOUSEHOLD_2_213,17651
HOUSEHOLD_2_214,3847
HOUSEHOLD_2_215,6137
HOUSEHOLD_2_216,815
HOUSEHOLD_2_217,14478
HOUSEHOLD_2_218,2380
HOUSEHOLD_2_219,13304
HOUSEHOLD_2_220,4455
HOUSEHOLD_2_221,4149
HOUSEHOLD_2_222,15239
HOUSEHOLD_2_223,4097
HOUSEHOLD_2_224,2901
HOUSEHOLD_2_225,10662
HOUSEHOLD_2_226,5064
HOUSEHOLD_2_227,2047
HOUSEHOLD_2_228,5858
HOUSEHOLD_2_229,4687
HOUSEHOLD_2_230,968
HOUSEHOLD_2_231,5260
HOUSEHOLD_2_232,6611
HOUSEHOLD_2_233,2664
HOUSEHOLD_2_234,4398
HOUSEHOLD_2_235,4408
HOUSEHOLD_2_236,3516
HOUSEHOLD_2_237,4339
HOUSEHOLD_2_238,6449
HOUSEHOLD_2_239,19971
HOUSEHOLD_2_240,5752
HOUSEHOLD_2_241,5756
HOUSEHOLD_2_242,2759
HOUSEHOLD_2_243,1837
HOUSEHOLD_2_244,6953
HOUSEHOLD_2_245,780
HOUSEHOLD_2_246,5861
HOUSEHOLD_2_247,6983
HOUSEHOLD_2_248,4726
HOUSEHOLD_2_249,2311
HOUSEHOLD_2_250,8728
HOUSEHOLD_2_251,7951
HOUSEHOLD_2_252,3471
HOUSEHOLD_2_253,1916
HOUSEHOLD_2_254,1787
HOUSEHOLD_2_255,3301
HOUSEHOLD_2_256,10634
HOUSEHOLD_2_257,8967
HOUSEHOLD_2_258,1841
HOUSEHOLD_2_259,5621
HOUSEHOLD_2_260,3676
HOUSEHOLD_2_261,4514
HOUSEHOLD_2_262,10374
HOUSEHOLD_2_263,1742
HOUSEHOLD_2_264,3363
HOUSEHOLD_2_265,4718
HOUSEHOLD_2_266,9112
HOUSEHOLD_2_267,5090
HOUSEHOLD_2_268,5446
HOUSEHOLD_2_269,3385
HOUSEHOLD_2_270,4856
HOUSEHOLD_2_271,3196
HOUSEHOLD_2_272,3070
HOUSEHOLD_2_273,6588
HOUSEHOLD_2_274,2280
HOUSEHOLD_2_275,6947
HOUSEHOLD_2_276,1834
HOUSEHOLD_2_277,3133
HOUSEHOLD_2_278,1093
HOUSEHOLD_2_279,3044
HOUSEHOLD_2_280,1865
HOUSEHOLD_2_281,6077
HOUSEHOLD_2_282,10173
HOUSEHOLD_2_283,3319
HOUSEHOLD_2_284,9343
HOUSEHOLD_2_285,5605
HOUSEHOLD_2_286,2165
HOUSEHOLD_2_287,8755
HOUSEHOLD_2_288,7377
HOUSEHOLD_2_289,6048
HOUSEHOLD_2_290,1806
HOUSEHOLD_2_291,2653
HOUSEHOLD_2_292,2711
HOUSEHOLD_2_293,3746
HOUSEHOLD_2_294,20385
HOUSEHOLD_2_295,8179
HOUSEHOLD_2_296,4391
HOUSEHOLD_2_297,7003
HOUSEHOLD_2_298,5951
HOUSEHOLD_2_299,22632
HOUSEHOLD_2_300,2462
HOUSEHOLD_2_301,20351
HOUSEHOLD_2_302,3673
HOUSEHOLD_2_303,2985
HOUSEHOLD_2_304,1776
HOUSEHOLD_2_305,5479
HOUSEHOLD_2_306,1560
HOUSEHOLD_2_307,796
HOUSEHOLD_2_308,14350
HOUSEHOLD_2_309,956
HOUSEHOLD_2_310,6018
HOUSEHOLD_2_311,4956
HOUSEHOLD_2_312,6161
HOUSEHOLD_2_313,4193
HOUSEHOLD_2_314,1698
HOUSEHOLD_2_315,7829
HOUSEHOLD_2_316,6572
HOUSEHOLD_2_317,3310
HOUSEHOLD_2_318,1317
HOUSEHOLD_2_319,5616
HOUSEHOLD_2_320,4197
HOUSEHOLD_2_321,6413
HOUSEHOLD_2_322,6803
HOUSEHOLD_2_323,4170
HOUSEHOLD_2_324,6482
HOUSEHOLD_2_325,9954
HOUSEHOLD_2_326,4113
HOUSEHOLD_2_327,4061
HOUSEHOLD_2_328,4932
HOUSEHOLD_2_329,9494
HOUSEHOLD_2_330,1189
HOUSEHOLD_2_331,924
HOUSEHOLD_2_332,3612
HOUSEHOLD_2_333,2322
HOUSEHOLD_2_334,3412
HOUSEHOLD_2_335,4557
HOUSEHOLD_2_336,17366
HOUSEHOLD_2_337,4233
HOUSEHOLD_2_338,1850
HOUSEHOLD_2_339,3197
HOUSEHOLD_2_340,2290
HOUSEHOLD_2_341,12962
HOUSEHOLD_2_342,19947
HOUSEHOLD_2_343,5386
HOUSEHOLD_2_344,5698
HOUSEHOLD_2_345,3359
HOUSEHOLD_2_346,9914
HOUSEHOLD_2_347,5890
HOUSEHOLD_2_348,22217
HOUSEHOLD_2_349,11501
HOUSEHOLD_2_350,17169
HOUSEHOLD_2_351,3000
HOUSEHOLD_2_352,3510
HOUSEHOLD_2_353,8346
HOUSEHOLD_2_354,13797
HOUSEHOLD_2_355,5928
HOUSEHOLD_2_356,6251
HOUSEHOLD_2_357,2988
HOUSEHOLD_2_358,992
HOUSEHOLD_2_359,1977
HOUSEHOLD_2_360,1557
HOUSEHOLD_2_361,3531
HOUSEHOLD_2_362,2902
HOUSEHOLD_2_363,4418
HOUSEHOLD_2_364,1760
HOUSEHOLD_2_365,956
HOUSEHOLD_2_366,24845
HOUSEHOLD_2_367,4591
HOUSEHOLD_2_368,11385
HOUSEHOLD_2_369,11522
HOUSEHOLD_2_370,4866
HOUSEHOLD_2_371,22892
HOUSEHOLD_2_372,1711
HOUSEHOLD_2_373,5829
HOUSEHOLD_2_374,8011
HOUSEHOLD_2_375,7741
HOUSEHOLD_2_376,8563
HOUSEHOLD_2_377,5123
HOUSEHOLD_2_378,4188
HOUSEHOLD_2_379,4246
HOUSEHOLD_2_380,8525
HOUSEHOLD_2_381,908
HOUSEHOLD_2_382,3718
HOUSEHOLD_2_383,7594
HOUSEHOLD_2_384,7271
HOUSEHOLD_2_385,4812
HOUSEHOLD_2_386,3926
HOUSEHOLD_2_387,2409
HOUSEHOLD_2_388,9219
HOUSEHOLD_2_389,13236
HOUSEHOLD_2_390,6423
HOUSEHOLD_2_391,4917
HOUSEHOLD_2_392,895
HOUSEHOLD_2_393,1754
HOUSEHOLD_2_394,4357
HOUSEHOLD_2_395,13435
HOUSEHOLD_2_396,892
HOUSEHOLD_2_397,1016
HOUSEHOLD_2_398,3484
HOUSEHOLD_2_399,2854
HOUSEHOLD_2_400,3343
HOUSEHOLD_2_401,7274
HOUSEHOLD_2_402,3059
HOUSEHOLD_2_403,9351
HOUSEHOLD_2_404,3667
HOUSEHOLD_2_405,4387
HOUSEHOLD_2_406,4800
HOUSEHOLD_2_407,3452
HOUSEHOLD_2_408,9207
HOUSEHOLD_2_409,19417
HOUSEHOLD_2_410,12619
HOUSEHOLD_2_411,9301
HOUSEHOLD_2_412,1098
HOUSEHOLD_2_413,2169
HOUSEHOLD_2_414,2250
HOUSEHOLD_2_415,2097
HOUSEHOLD_2_416,8121
HOUSEHOLD_2_417,5168
HOUSEHOLD_2_418,1618
HOUSEHOLD_2_419,974
HOUSEHOLD_2_420,2845
HOUSEHOLD_2_421,24439
HOUSEHOLD_2_422,2551
HOUSEHOLD_2_423,11300
HOUSEHOLD_2_424,4975
HOUSEHOLD_2_425,3180
HOUSEHOLD_2_426,8154
HOUSEHOLD_2_427,19768
HOUSEHOLD_2_428,1612
HOUSEHOLD_2_429,1595
HOUSEHOLD_2_430,2373
HOUSEHOLD_2_431,5557
HOUSEHOLD_2_432,1540
HOUSEHOLD_2_433,3447
HOUSEHOLD_2_434,8924
HOUSEHOLD_2_435,3755
HOUSEHOLD_2_436,3660
HOUSEHOLD_2_437,16040
HOUSEHOLD_2_438,11310
HOUSEHOLD_2_439,9681
HOUSEHOLD_2_440,27706
HOUSEHOLD_2_441,2056
HOUSEHOLD_2_442,16273
HOUSEHOLD_2_443,6534
HOUSEHOLD_2_444,6176
HOUSEHOLD_2_445,2648
HOUSEHOLD_2_446,1245
HOUSEHOLD_2_447,16531
HOUSEHOLD_2_448,965
HOUSEHOLD_2_449,8264
HOUSEHOLD_2_450,8844
HOUSEHOLD_2_451,6346
HOUSEHOLD_2_452,6238
HOUSEHOLD_2_453,14176
HOUSEHOLD_2_454,3617
HOUSEHOLD_2_455,3658
HOUSEHOLD_2_456,1490
HOUSEHOLD_2_457,7365
HOUSEHOLD_2_458,1540
HOUSEHOLD_2_459,1443
HOUSEHOLD_2_460,2505
HOUSEHOLD_2_461,4256
HOUSEHOLD_2_462,3221
HOUSEHOLD_2_463,1893
HOUSEHOLD_2_464,2634
HOUSEHOLD_2_465,15194
HOUSEHOLD_2_466,4652
HOUSEHOLD_2_467,9859
HOUSEHOLD_2_468,6983
HOUSEHOLD_2_469,1939
HOUSEHOLD_2_470,20961
HOUSEHOLD_2_471,6673
HOUSEHOLD_2_472,9233
HOUSEHOLD_2_473,3290
HOUSEHOLD_2_474,2203
HOUSEHOLD_2_475,4346
HOUSEHOLD_2_476,2914
HOUSEHOLD_2_477,6936
HOUSEHOLD_2_478,2048
HOUSEHOLD_2_479,4371
HOUSEHOLD_2_480,5135
HOUSEHOLD_2_481,2956
HOUSEHOLD_2_482,3264
HOUSEHOLD_2_483,20685
HOUSEHOLD_2_484,3828
HOUSEHOLD_2_485,9358
HOUSEHOLD_2_486,6792
HOUSEHOLD_2_487,1052
HOUSEHOLD_2_488,6812
HOUSEHOLD_2_489,2280
HOUSEHOLD_2_490,9008
HOUSEHOLD_2_491,5402
HOUSEHOLD_2_492,10867
HOUSEHOLD_2_493,2393
HOUSEHOLD_2_494,2700
HOUSEHOLD_2_495,6623
HOUSEHOLD_2_496,4017
HOUSEHOLD_2_497,5504
HOUSEHOLD_2_498,2802
HOUSEHOLD_2_499,8013
HOUSEHOLD_2_500,5883
HOUSEHOLD_2_501,4018
HOUSEHOLD_2_502,1185
HOUSEHOLD_2_503,1931
HOUSEHOLD_2_504,1784
HOUSEHOLD_2_505,7183
HOUSEHOLD_2_506,2493
HOUSEHOLD_2_507,8782
HOUSEHOLD_2_508,1847
HOUSEHOLD_2_509,11008
HOUSEHOLD_2_510,18777
HOUSEHOLD_2_511,12403
HOUSEHOLD_2_512,11555
HOUSEHOLD_2_513,7916
HOUSEHOLD_2_514,3150
HOUSEHOLD_2_515,1121
HOUSEHOLD_2_516,2543
