ds,yhat,yhat_lower,yhat_upper,date,total_sales
2014-09-29,35248.524943713455,31022.449779094542,39459.31103295061,2014-09-29,31473
2014-09-30,32854.09743699277,28421.53725897883,36963.33626599561,2014-09-30,29990
2014-10-01,32339.25900834712,28173.194993569603,36744.311694887605,2014-10-01,34602
2014-10-02,32688.067173106945,28712.893134655955,37065.19815017436,2014-10-02,34249
2014-10-03,36595.4256441887,32159.752491094518,40881.57253568824,2014-10-03,41836
2014-10-04,43386.827648857,39324.0413510584,47549.63736781917,2014-10-04,47199
2014-10-05,42579.17497680105,38324.59442019028,46761.19632712391,2014-10-05,48361
2014-10-06,34712.251149192045,30617.96886239652,38731.47940761089,2014-10-06,37719
2014-10-07,32270.81584340593,28301.45021017598,36384.3026479832,2014-10-07,33151
2014-10-08,31717.24911861444,27497.586658955588,36283.81147037641,2014-10-08,33185
2014-10-09,32036.51301031693,27911.55068793956,36464.872803946986,2014-10-09,33738
2014-10-10,35924.15672298819,31851.55161547073,40082.51410837314,2014-10-10,35001
2014-10-11,42706.0440513164,38696.88557986241,47188.4245166984,2014-10-11,44561
2014-10-12,41899.16422232284,37836.624443941255,46066.01553667283,2014-10-12,46735
2014-10-13,34043.10473566681,30017.420868900783,38153.54560183355,2014-10-13,33557
2014-10-14,31622.153306042528,27565.68570081717,35521.773043734174,2014-10-14,32451
2014-10-15,31097.95720425116,27170.410075823194,35303.78042491442,2014-10-15,34193
2014-10-16,31454.507107396166,27557.35749461757,35542.67048644553,2014-10-16,29936
2014-10-17,35386.171033122664,31230.28708087289,39764.799275451616,2014-10-17,33430
2014-10-18,42217.45615738006,38168.592499329454,46714.956389579245,2014-10-18,43755
2014-10-19,41463.85872345126,37399.87617739105,45375.00434493366,2014-10-19,43456
2014-10-20,33663.37950997925,29517.907519368862,37610.54579547596,2014-10-20,32233
2014-10-21,31298.670758636283,26730.05725189731,35619.218192346045,2014-10-21,29367
2014-10-22,30829.74159437288,26771.902662210705,34892.15015163746,2014-10-22,27926
2014-10-23,31238.98776177369,26749.5750739086,35651.41187651926,2014-10-23,28506
2014-10-24,35219.269976398224,31168.02217330028,39734.78174897676,2014-10-24,32790
2014-10-25,42093.71746240108,37851.73075338923,46133.99707476549,2014-10-25,40753
2014-10-26,41376.61573748598,37117.96198512397,45437.565394845165,2014-10-26,40197
2014-10-27,33604.95507924688,29497.05602762857,37479.78696011101,2014-10-27,31203
2014-10-28,31260.60468151163,27107.003904332785,35287.87676139682,2014-10-28,28340
2014-10-29,30803.03880757092,26458.267830206823,34984.93971335713,2014-10-29,27563
2014-10-30,31214.380222940687,27128.36366939773,35042.60363207601,2014-10-30,30235
2014-10-31,35187.48486519761,31290.61273424732,39341.00210891254,2014-10-31,32850
2014-11-01,42045.74418908471,37607.62955951936,46277.36229340729,2014-11-01,44249
2014-11-02,41303.96432537728,37231.03056127222,45683.57615748454,2014-11-02,46072
2014-11-03,33499.89877237977,29476.65739296479,37807.77239094385,2014-11-03,38564
2014-11-04,31116.40011183811,26948.82144125249,35387.880213105,2014-11-04,31952
2014-11-05,30614.117722725627,26547.53747739173,34972.54179317957,2014-11-05,30832
2014-11-06,30976.507605859813,27191.84202264157,35120.38826529138,2014-11-06,33223
2014-11-07,34897.879246888515,30960.307851195063,39253.814255281,2014-11-07,34763
2014-11-08,41703.15703686289,37635.090254285,45419.10846331267,2014-11-08,44270
2014-11-09,40908.71655055962,36601.080372750665,44821.73568687454,2014-11-09,47415
2014-11-10,33053.87360966553,28972.51108596171,37367.33611802083,2014-11-10,34449
2014-11-11,30622.992844367887,26350.316859866176,34487.53549710144,2014-11-11,32588
2014-11-12,30078.143926103447,25739.253686258195,34193.81340397122,2014-11-12,30490
2014-11-13,30404.072728948835,26073.657100535354,34598.07757411046,2014-11-13,28711
2014-11-14,34296.21340415474,30145.030577486505,38415.867950625405,2014-11-14,34739
2014-11-15,41080.41982781317,36641.47671325028,45234.24652750997,2014-11-15,44383
2014-11-16,40273.77752013587,36122.49462698275,44437.68543169704,2014-11-16,43516
2014-11-17,32416.074598701234,28136.715827406373,36510.63176648858,2014-11-17,31811
2014-11-18,29991.8989331738,25776.924706150872,34178.72724567482,2014-11-18,28014
2014-11-19,29463.28993723048,25404.33848381622,33508.85267483812,2014-11-19,28047
2014-11-20,29814.71231971016,25466.210703629567,34134.08737762144,2014-11-20,28247
2014-11-21,33741.07764609179,29426.56883820461,37723.94944241701,2014-11-21,32863
2014-11-22,40567.491844009375,36573.64211354146,44594.72956505719,2014-11-22,42402
2014-11-23,39810.08924317648,35663.415925344765,43667.54240971968,2014-11-23,40630
2014-11-24,32007.53103745125,27762.93873781236,36173.294649088086,2014-11-24,31598
2014-11-25,29643.134516825376,25520.286127857697,33639.76013964449,2014-11-25,31888
2014-11-26,29177.56056404985,24851.996356023315,33111.096462512025,2014-11-26,36903
2014-11-27,29593.82570333901,25307.18885365207,34007.2404100965,2014-11-27,21844
2014-11-28,33585.363455206985,29442.118876018067,38068.57295620118,2014-11-28,26354
2014-11-29,40475.812002385326,36092.01318216513,44559.834839423005,2014-11-29,34456
2014-11-30,39779.887629906094,35577.539477049795,43903.88977360376,2014-11-30,35805
2014-12-01,32034.92073278975,27786.35874053844,35964.79576437242,2014-12-01,34305
2014-12-02,29723.019709797816,25605.772882116944,33931.781498850534,2014-12-02,30569
2014-12-03,29303.789300591558,24888.66469931143,33210.66594543977,2014-12-03,32605
2014-12-04,29759.36883659981,25541.71215829993,33825.97949119275,2014-12-04,31516
2014-12-05,33782.514482667415,29435.40935249676,37819.97327915846,2014-12-05,36963
2014-12-06,40696.40195735566,36924.684106323,44489.69759888799,2014-12-06,43815
2014-12-07,40015.508849705504,35954.091317890925,44576.898820359136,2014-12-07,42527
2014-12-08,32277.15316199504,28056.948216175948,36332.40184387403,2014-12-08,33114
2014-12-09,29963.653415410965,25973.074016453345,33863.406044980715,2014-12-09,32667
2014-12-10,29535.03707624775,25055.09692058296,33443.300675674705,2014-12-10,31898
2014-12-11,29974.063145822845,25596.201554300736,34398.49110735726,2014-12-11,26115
2014-12-12,33974.283524687016,30109.771406826872,38094.815666859904,2014-12-12,33502
2014-12-13,40859.8203157111,36677.55214366987,45033.61672210443,2014-12-13,40036
2014-12-14,40146.218982793966,35765.91011795844,44038.49516832212,2014-12-14,42006
2014-12-15,32371.95489059379,28145.09619348662,36571.406925914045,2014-12-15,34127
2014-12-16,30020.55952863524,26059.420837784917,34503.59027816947,2014-12-16,29936
2014-12-17,29553.294184826373,25131.264768505232,33405.779703397595,2014-12-17,30152
2014-12-18,29954.137930186705,25657.483835018415,33980.39108784129,2014-12-18,32367
2014-12-19,33917.81552510052,29830.216673466264,37996.60603185195,2014-12-19,29834
2014-12-20,40769.54336365735,36986.45023054884,44701.5444016745,2014-12-20,38421
2014-12-21,40025.85424894207,35997.04694115283,44325.4444169281,2014-12-21,38488
2014-12-22,32226.079300912505,27707.44521867743,36779.18572032101,2014-12-22,33736
2014-12-23,29854.45395360846,25560.708617427747,33648.71840223354,2014-12-23,34862
2014-12-24,29372.776320324832,25255.59910864078,33622.39703770805,2014-12-24,29617
2014-12-25,29765.38514798629,25400.493617244458,33575.774022856465,2014-12-25,20
2014-12-26,33727.183167874085,29611.79731697936,38052.24296017546,2014-12-26,32909
2014-12-27,40583.38398908759,36292.88493438072,44652.07738424102,2014-12-27,32594
2014-12-28,39850.34319136365,35803.71298075566,43894.38773031408,2014-12-28,31894
2014-12-29,32067.05162321341,28166.65971264037,36467.09979686888,2014-12-29,29990
2014-12-30,29717.257416420187,25455.25070677584,33604.91694783415,2014-12-30,29417
2014-12-31,29262.14441606961,24893.025852742547,33757.20950089572,2014-12-31,33450
2015-01-01,29685.33355233258,25513.550270205364,33866.615832613075,2015-01-01,26452
2015-01-02,33680.93217301705,29900.148785232144,38069.66064230357,2015-01-02,39633
2015-01-03,40573.30862696649,35874.08332593565,44822.71211853644,2015-01-03,41085
2015-01-04,39877.951857250766,35657.100123970435,44040.89078569894,2015-01-04,39647
2015-01-05,32132.99309848262,28162.802582909942,36301.343465998514,2015-01-05,34691
2015-01-06,29821.35529225529,25657.87107570518,34343.731203832736,2015-01-06,32682
2015-01-07,29403.4570646027,25145.14914105582,33312.74744041933,2015-01-07,29165
2015-01-08,29862.237003607093,26041.81483411297,34331.68618621101,2015-01-08,29029
2015-01-09,33891.22256002349,29530.29593357341,37817.55808618975,2015-01-09,34385
2015-01-10,40814.32027655342,36487.628764254245,45032.15062493013,2015-01-10,43946
2015-01-11,40146.68664983497,35925.05107479799,44467.40323170202,2015-01-11,45066
2015-01-12,32426.25640721593,28235.685496031623,36792.52574821589,2015-01-12,35574
2015-01-13,30135.893651162747,25692.445121661727,34136.89137936849,2015-01-13,30324
2015-01-14,29736.09271025363,25623.42468039578,33898.05016600535,2015-01-14,31059
2015-01-15,30209.994583839984,26102.102713389024,34335.92551490538,2015-01-15,33063
2015-01-16,34251.44360273603,29931.83590601644,38271.583299649246,2015-01-16,34889
2015-01-17,41184.7614498795,36982.19557104787,45389.559621889406,2015-01-17,45169
2015-01-18,40525.598409422135,36218.73450740154,44795.06580667022,2015-01-18,40724
2015-01-19,32812.439297448625,28652.187496381182,37086.1850091041,2015-01-19,34412
2015-01-20,30528.73028562984,26574.705249385333,34845.02904090575,2015-01-20,28363
2015-01-21,30135.554276517,25809.418871034533,33917.78553883259,2015-01-21,28109
2015-01-22,30616.621575295343,26525.05724436959,34794.51623755594,2015-01-22,25795
2015-01-23,34666.301347356224,30417.354614545373,38774.79584013748,2015-01-23,32221
2015-01-24,41609.37185615004,37387.01483309873,45864.21921406718,2015-01-24,42181
2015-01-25,40961.850156643246,36907.32576858189,45515.16244663904,2015-01-25,42623
2015-01-26,33262.47943625199,29329.695313252098,37376.96916568645,2015-01-26,30358
2015-01-27,30994.84086098961,26802.929052889725,35322.09928032917,2015-01-27,27873
2015-01-28,30620.01812070653,26237.256175492443,34834.41635137681,2015-01-28,28104
2015-01-29,31121.581824400462,27067.965471547668,35303.09972065877,2015-01-29,28225
2015-01-30,35193.619499326975,30933.085410463453,39343.29895528968,2015-01-30,37440
2015-01-31,42160.48930260764,37754.10934054797,46237.82176757392,2015-01-31,50828
2015-02-01,41537.658080276655,37093.86587194084,45640.63232665675,2015-02-01,40385
2015-02-02,33863.20177136056,29577.73778761304,37967.00924230986,2015-02-02,35006
2015-02-03,31619.934671860057,27371.854984606038,35742.04223261701,2015-02-03,37405
2015-02-04,31268.095270692364,26828.41145672932,35295.8733156674,2015-02-04,33992
2015-02-05,31790.355201633934,27482.525219736555,35921.87789024376,2015-02-05,34647
2015-02-06,35879.87635113259,31385.815687534134,39779.78558632528,2015-02-06,36809
2015-02-07,42860.09343032453,38639.35876337328,46840.51224201865,2015-02-07,50836
2015-02-08,42245.58178365317,38182.78979180226,46483.14977841489,2015-02-08,49719
2015-02-09,34573.58753182338,30432.396094081058,38750.88258392135,2015-02-09,39170
2015-02-10,32326.18565476033,28051.69360056444,36371.2696793563,2015-02-10,35464
2015-02-11,31962.99283356494,27887.295188061715,35925.375870926415,2015-02-11,35701
2015-02-12,32466.20074744798,28107.329942876622,36582.02862908224,2015-02-12,38570
2015-02-13,36528.654086005336,32346.1045641022,40686.55950784017,2015-02-13,36936
2015-02-14,43473.64989940775,39239.79116022975,47470.49071911149,2015-02-14,41614
2015-02-15,42815.81748651249,38197.542480391545,46696.79672100425,2015-02-15,44007
2015-02-16,35092.65547853579,30649.351304413496,39184.61700082264,2015-02-16,37147
2015-02-17,32786.69142854704,28468.63125216484,36866.391761388666,2015-02-17,30697
2015-02-18,32358.19058585973,28215.956400631032,36769.329992499705,2015-02-18,28505
2015-02-19,32790.179571155255,28476.8881634646,36799.36229430803,2015-02-19,28808
2015-02-20,36776.50939306899,32560.57647025574,40870.48544315137,2015-02-20,33119
2015-02-21,43641.63476508295,39407.91918173618,47817.562001665545,2015-02-21,42109
2015-02-22,42901.46940668495,38881.6299969733,46998.3704267854,2015-02-22,43759
2015-02-23,35094.89460396605,30818.76748222077,39437.22921277743,2015-02-23,31522
2015-02-24,32705.887074707472,28611.09223611516,36924.14329274237,2015-02-24,29780
2015-02-25,32196.19364837735,28009.99888847236,36432.44767287236,2015-02-25,29227
2015-02-26,32550.319381145127,28112.704562553445,36646.357165616086,2015-02-26,29223
2015-02-27,36463.55449860753,32216.70331860356,40606.40791588495,2015-02-27,33566
2015-02-28,43261.71809788606,39060.99995541371,47502.17460016527,2015-02-28,44154
2015-03-01,42461.9792589475,38119.685444481554,46627.38597696712,2015-03-01,45186
2015-03-02,34604.3337719721,30354.927617481168,38767.60948359262,2015-03-02,35398
2015-03-03,32173.70339724577,28142.613196946844,36284.61498832832,2015-03-03,34387
2015-03-04,31632.585953728136,27320.831773966027,35708.17766389092,2015-03-04,31774
2015-03-05,31966.023535021028,27675.112968393387,36428.0633422074,2015-03-05,32819
2015-03-06,35869.61479735233,31960.66377619433,40325.16093888297,2015-03-06,35937
2015-03-07,42669.2496609174,38023.86848261585,46574.54575031544,2015-03-07,44229
2015-03-08,41881.92733071471,37463.84725257287,46143.38839832452,2015-03-08,47379
2015-03-09,34047.23593887482,30201.901490898174,38384.33656525359,2015-03-09,36020
2015-03-10,31649.4606577638,27441.91257534479,35945.445457024114,2015-03-10,33597
2015-03-11,31150.248350900583,26798.720974199045,35485.99164114632,2015-03-11,32891
2015-03-12,31533.595677695528,27670.38794904284,35726.26503596792,2015-03-12,34391
2015-03-13,35493.88607033245,31011.7527488377,39327.320056052464,2015-03-13,36623
2015-03-14,42355.65326988797,38021.76210366375,46170.10699338624,2015-03-14,44471
2015-03-15,41634.431564008846,37153.52469942939,45690.15740853808,2015-03-15,48827
2015-03-16,33868.27017682547,29692.4252056287,38078.18823359588,2015-03-16,35495
2015-03-17,31539.877744921894,27362.607517790213,35818.20605948859,2015-03-17,31412
2015-03-18,31109.32399354192,26833.6428884535,35281.22920999516,2015-03-18,29947
2015-03-19,31559.06456461473,27235.304224991367,35475.308425141906,2015-03-19,29369
2015-03-20,35582.01346612453,31339.09339990556,39973.25143373373,2015-03-20,32999
2015-03-21,42501.33992310223,38257.06971173012,46899.78437790309,2015-03-21,41982
2015-03-22,41831.34893226787,37444.48749888561,45941.0916059836,2015-03-22,44014
2015-03-23,34109.02222031762,29809.063108564053,38113.69501838666,2015-03-23,32338
2015-03-24,31816.18489824683,27516.46240525505,35715.70481071036,2015-03-24,26841
2015-03-25,31412.224411359704,27009.868375015227,35352.63649245416,2015-03-25,31995
2015-03-26,31879.127360489947,27493.419520536914,36180.90861771648,2015-03-26,29902
2015-03-27,35909.558437079984,31765.822306234197,40118.38925381439,2015-03-27,32535
2015-03-28,42826.65817784223,38368.69075819315,46903.98454595344,2015-03-28,41531
2015-03-29,42144.91892001168,37969.19918774003,46501.05493924143,2015-03-29,42583
2015-03-30,34401.71588474328,30145.57435530092,38298.30462319788,2015-03-30,31899
2015-03-31,32079.4590498851,27677.47117076236,36246.499016909016,2015-03-31,30956
2015-04-01,31638.29290788812,27508.172998584974,36173.30817789574,2015-04-01,35060
2015-04-02,32061.11029392516,28089.290921607026,36134.25951865935,2015-04-02,33817
2015-04-03,36041.60522897262,31583.806826208463,40350.33230553777,2015-04-03,44108
2015-04-04,42904.04225839126,38181.92229685949,47281.48370915768,2015-04-04,48419
2015-04-05,42164.10248975016,37922.39621865271,46100.9199875244,2015-04-05,41636
2015-04-06,34360.38410601392,29965.17086981465,38635.26445436785,2015-04-06,36215
2015-04-07,31976.52386195339,27389.3913930785,35964.390233307524,2015-04-07,33911
2015-04-08,31473.86748279397,27369.885548469934,35420.02422724601,2015-04-08,34149
2015-04-09,31836.45592481458,27362.333505186416,35944.35836848611,2015-04-09,34437
2015-04-10,35759.05314772032,31538.046129030536,40136.54491989233,2015-04-10,36853
2015-04-11,42566.8934956284,38099.04520029274,47086.33274483663,2015-04-11,45272
2015-04-12,41776.50940151747,37486.54290213582,45916.71955344992,2015-04-12,47180
2015-04-13,33927.217584094346,29449.075415285475,38198.95339879277,2015-04-13,34494
2015-04-14,31503.23051024996,27371.20670233814,35844.085142954755,2015-04-14,33597
2015-04-15,30966.321174856865,26601.78299604025,35012.36136788748,2015-04-15,34690
2015-04-16,31300.80815602257,27135.872403677404,35660.562017780416,2015-04-16,31431
2015-04-17,35201.58646278713,31055.574193222787,39426.48867220744,2015-04-17,33059
2015-04-18,41993.88201458053,37344.26162193959,46147.18955804506,2015-04-18,42516
2015-04-19,41194.090095682215,37000.98192587624,45340.07492287281,2015-04-19,44359
2015-04-20,33341.27548094474,28942.273467408235,37438.37280736234,2015-04-20,33118
2015-04-21,30919.300449638537,26885.983154022248,35194.347400629194,2015-04-21,30227
2015-04-22,30389.5081175022,26156.892297709688,34384.6689407737,2015-04-22,30382
2015-04-23,30735.7273781827,26454.73660582061,34921.545231413686,2015-04-23,30658
2015-04-24,34652.32428206845,30692.570922768104,38713.84126232708,2015-04-24,34423
2015-04-25,41463.977001028645,37252.95599613556,45678.06185275028,2015-04-25,43598
2015-04-26,40686.53405234026,36376.528905222345,44829.71796997252,2015-04-26,43406
2015-04-27,32858.53285007605,28469.653871341223,36647.48193619211,2015-04-27,33444
2015-04-28,30463.3442328647,26359.12992137459,34527.02842881946,2015-04-28,29750
2015-04-29,29961.86990822908,25892.91629228245,34618.4014371872,2015-04-29,28667
2015-04-30,30337.558706847507,26232.07475418321,34459.23239047308,2015-04-30,30553
2015-05-01,34284.46617995843,29486.51632904528,38380.21197730096,2015-05-01,40976
2015-05-02,41127.0345047598,36888.33143146815,45566.67974043996,2015-05-02,47052
2015-05-03,40380.95230288887,36127.08272812476,44506.86746468604,2015-05-03,49102
2015-05-04,32584.671487304902,28204.56186605562,36796.44998830144,2015-05-04,38169
2015-05-05,30221.5469461296,26158.802705904083,34568.21626875397,2015-05-05,35089
2015-05-06,29752.5262688965,25073.616985783672,33913.820147658815,2015-05-06,35296
2015-05-07,30161.155768870507,25938.59971380319,34215.62711210892,2015-05-07,33321
2015-05-08,34141.62777711447,29895.091152319997,38320.7314514691,2015-05-08,37424
2015-05-09,41018.54668206144,36519.47068460771,45069.58957735645,2015-05-09,47269
2015-05-10,40307.77387716053,35998.205220361226,44353.044219479,2015-05-10,38030
2015-05-11,32547.929318582563,28352.76205360215,36663.57487231956,2015-05-11,37192
2015-05-12,30222.51609772654,26122.06322829795,34573.07561177889,2015-05-12,35033
2015-05-13,29792.59581942195,25552.78975904754,33926.89424582026,2015-05-13,33685
2015-05-14,30241.781593707117,25960.734950583188,34237.40219548547,2015-05-14,32054
2015-05-15,34264.27412256846,30049.845789651445,38587.87317960443,2015-05-15,37764
2015-05-16,41184.618794368216,36971.51497576785,45368.64740131564,2015-05-16,44336
2015-05-17,40518.54430688848,35976.2876737523,44532.85211305698,2015-05-17,44493
2015-05-18,32804.460786019226,28499.1448873264,37189.152315531086,2015-05-18,34296
2015-05-19,30525.58396913491,26299.751948924564,34976.440456441866,2015-05-19,30671
2015-05-20,30142.61329931979,26015.01510818992,34616.58342537672,2015-05-20,31158
2015-05-21,30638.730686296258,26464.48311358052,34807.80824346415,2015-05-21,30601
2015-05-22,34707.64525425645,30405.7095097423,38755.7656459858,2015-05-22,36267
2015-05-23,41673.36172643833,37383.45317943855,46267.52696011363,2015-05-23,39975
2015-05-24,41051.03261033018,36756.33747543378,45112.21316914432,2015-05-24,37426
2015-05-25,33378.471711734775,28877.12337986384,37521.77940725769,2015-05-25,37817
2015-05-26,31138.295039464283,26994.371020619164,35403.53576483403,2015-05-26,30879
2015-05-27,30790.61638933945,26509.826237274014,35299.52223701133,2015-05-27,30097
2015-05-28,31318.063772817688,26661.28902445385,35464.343693253766,2015-05-28,30216
2015-05-29,35413.841407072534,31114.839959555567,39789.89551580327,2015-05-29,32925
2015-05-30,42401.514320284536,38108.82922590236,46690.6363141201,2015-05-30,40938
2015-05-31,41795.8751670462,37366.25229347628,46207.42085641357,2015-05-31,43463
2015-06-01,34134.47025954552,29770.747186518365,38351.06395578281,2015-06-01,38654
2015-06-02,31899.750417946365,27855.448795781154,36204.13101370322,2015-06-02,37424
2015-06-03,31551.77355070109,27191.30335275621,35988.63329331629,2015-06-03,37990
2015-06-04,32073.224844982924,27497.263589994145,35896.72327681895,2015-06-04,34922
2015-06-05,36157.47910349234,31710.002840054636,40095.41362998402,2015-06-05,39889
2015-06-06,43128.38221119568,38751.24373111733,47534.09450632448,2015-06-06,47507
2015-06-07,42501.1113715238,38453.16571488207,46988.45348522904,2015-06-07,48426
2015-06-08,34813.69127635398,30528.03836500574,38906.96040977842,2015-06-08,39922
2015-06-09,32549.132082670538,28341.34340133935,36579.21431285684,2015-06-09,38184
2015-06-10,32168.11647850245,27827.111100349764,36425.60530356503,2015-06-10,35176
2015-06-11,32654.00218298126,28244.694184301967,36895.33216383309,2015-06-11,35585
2015-06-12,36700.86495878254,32420.245035185853,40697.85136558298,2015-06-12,40282
2015-06-13,43633.25972442744,39403.49870650724,47928.914262522274,2015-06-13,44853
2015-06-14,42967.06005214048,38468.307941561085,47094.7318173481,2015-06-14,48981
2015-06-15,35240.95388397634,30712.1151434911,39306.06960018056,2015-06-15,47580
2015-06-16,32938.56200848905,28488.527503660305,37263.11699916483,2015-06-16,31698
2015-06-17,32521.107228542947,28215.735011680943,36842.41874767727,2015-06-17,31478
2015-06-18,32972.401171450925,28461.07674061556,37088.8910250244,2015-06-18,34425
2015-06-19,36986.87436337746,32822.68258103622,41355.4769665826,2015-06-19,37829
2015-06-20,43889.32761845848,39365.078227240905,48074.1043925148,2015-06-20,44255
2015-06-21,43195.76539450308,39062.76874615681,47623.706661347744,2015-06-21,41413
2015-06-22,35444.889203775885,31254.880351960077,39690.05468003233,2015-06-22,34846
2015-06-23,33120.217756861435,28725.289183722387,37242.82513803393,2015-06-23,33071
2015-06-24,32682.761779678083,28516.91818190239,36855.43126785282,2015-06-24,31622
2015-06-25,33116.02033534098,29022.741289684807,37226.6960097445,2015-06-25,32376
2015-06-26,37114.02402624846,32497.20627821209,41081.42192530679,2015-06-26,35945
2015-06-27,44001.10275899365,39726.20504102302,48072.13421412901,2015-06-27,42213
2015-06-28,43292.73824422499,38860.57296918248,47715.04620589968,2015-06-28,42946
2015-06-29,35527.07874163694,31102.94333223564,39802.55067242475,2015-06-29,33928
2015-06-30,33187.08206794419,28880.659302182223,37315.84341421864,2015-06-30,32179
2015-07-01,32733.21408501399,28402.07520783248,36938.48860786989,2015-07-01,38077
2015-07-02,33148.46873600418,29095.929683935265,37726.20012972789,2015-07-02,41844
2015-07-03,37126.43422349158,32335.52314614756,41000.00049369356,2015-07-03,54154
2015-07-04,43991.08223707646,39834.388795245264,48359.31992506169,2015-07-04,37489
2015-07-05,43257.63965859576,38902.14210107632,47835.78377983907,2015-07-05,43532
2015-07-06,35464.11956541227,31158.79729927791,39905.27749387063,2015-07-06,41538
2015-07-07,33093.476937868414,28459.703206183425,37242.710874896846,2015-07-07,37355
2015-07-08,32606.31577334205,28259.53051576695,36888.24798908163,2015-07-08,36049
2015-07-09,32985.91327627413,28547.060117591383,37174.567950649296,2015-07-09,38210
2015-07-10,36926.28544964065,32453.52299439692,41363.97024570455,2015-07-10,39895
2015-07-11,43751.97086832338,39136.47117661872,47956.02216030523,2015-07-11,47405
2015-07-12,42978.892083172,38388.06007301975,47151.88047719749,2015-07-12,49594
2015-07-13,35145.871647919106,30537.45549946009,39410.97821946619,2015-07-13,39058
2015-07-14,32736.768494131906,28197.751590718657,36760.40383651223,2015-07-14,36831
2015-07-15,32213.16181832075,27712.72967308214,36386.23607246409,2015-07-15,38095
2015-07-16,32559.348742294143,28284.60379836172,36781.82515908915,2015-07-16,37478
2015-07-17,36470.38077960901,32072.9885714648,40465.9403174366,2015-07-17,41847
2015-07-18,43271.816692580695,38910.05678712226,47474.77813888191,2015-07-18,45660
2015-07-19,42480.552066864286,38132.725979691495,46474.0525447544,2015-07-19,47784
2015-07-20,34636.30352429766,30200.95578071118,39164.698123977694,2015-07-20,37547
2015-07-21,32223.714249884066,27638.79748056249,36696.644605956986,2015-07-21,34138
2015-07-22,31705.008944264035,27368.51817321671,35740.87791024741,2015-07-22,33376
2015-07-23,32064.96537598565,27390.30275160857,36432.44452336961,2015-07-23,34195
2015-07-24,35998.92842023894,31709.08326757908,40550.38104583732,2015-07-24,38441
2015-07-25,42832.54493499369,38281.95692387074,46935.42298152117,2015-07-25,42624
2015-07-26,42082.58045748909,37636.0357613888,46113.96757692462,2015-07-26,44192
2015-07-27,34288.39616493651,29539.247752121853,38661.120047837336,2015-07-27,36126
2015-07-28,31934.05314916674,27412.11602226022,36079.1935805289,2015-07-28,32955
2015-07-29,31480.97232559387,27313.65855231276,35707.65789687248,2015-07-29,31593
2015-07-30,31912.9171875004,27758.10341903568,36085.63372758417,2015-07-30,33587
2015-07-31,35924.02515126603,31339.24934358346,39990.0801474994,2015-07-31,41478
2015-08-01,42838.565525923455,38759.61859660157,46987.04472906766,2015-08-01,49150
2015-08-02,42171.784601244086,37580.50317900992,46264.95447687172,2015-08-02,51541
2015-08-03,34461.415650424766,30099.297344857456,38524.91288495352,2015-08-03,45257
2015-08-04,32189.820103824157,27688.614252635813,36784.65795378914,2015-08-04,37658
2015-08-05,31816.68729768014,27303.049087311152,36187.94110045576,2015-08-05,38279
2015-08-06,32324.058991273545,27993.04503399505,36674.61809310365,2015-08-06,37798
2015-08-07,36404.40330756255,31980.56189052334,40804.80309002156,2015-08-07,40137
2015-08-08,43380.41499615619,38840.4096580378,47826.349225621045,2015-08-08,48104
2015-08-09,42765.90136609864,38263.069160896746,46676.20061038395,2015-08-09,51961
2015-08-10,35097.33055664488,30766.97349479479,39784.21680013635,2015-08-10,38324
2015-08-11,32856.007326355495,28503.24657639201,36961.01449876838,2015-08-11,36449
2015-08-12,32500.802770506605,28302.89386891792,36937.41924800912,2015-08-12,37351
2015-08-13,33013.20327673985,28856.83866746533,37313.92251439605,2015-08-13,36055
2015-08-14,37085.402628427066,33025.321625617966,41346.93093577563,2015-08-14,40762
2015-08-15,44040.11356818874,39332.14613624953,48245.54148646416,2015-08-15,48436
2015-08-16,43391.45776107665,38946.17912237286,48101.619218672255,2015-08-16,50540
2015-08-17,35676.51060908672,31125.52863397218,40072.95446587408,2015-08-17,39112
2015-08-18,33377.46608116806,28764.55656854571,37757.50092059322,2015-08-18,35245
2015-08-19,32954.34815497735,28345.743944602,37437.07977302197,2015-08-19,33707
2015-08-20,33390.0345672913,29117.996753577176,37644.4456895224,2015-08-20,32516
2015-08-21,37378.31736061125,33140.80641841205,41814.59636303324,2015-08-21,36963
2015-08-22,44243.67729476515,39687.801272967095,48550.08892767615,2015-08-22,45080
2015-08-23,43502.13197794107,39096.06639385776,47738.32210928008,2015-08-23,47596
2015-08-24,35692.73521964052,31613.066037646724,40190.466203529446,2015-08-24,35093
2015-08-25,33299.69392786362,29140.721637139683,37412.65899806863,2015-08-25,31295
2015-08-26,32785.0303825672,28399.21493368698,37084.7456540433,2015-08-26,31967
2015-08-27,33133.55686197151,28471.1485913054,37377.13995550553,2015-08-27,32076
2015-08-28,37040.88839832735,32691.75128638868,41484.73978398032,2015-08-28,36251
2015-08-29,43833.171995379016,39373.993899328096,47989.21319823808,2015-08-29,45236
2015-08-30,43027.893365107855,38475.41703447002,47448.443795769344,2015-08-30,48517
2015-08-31,35165.33979535117,30735.16990918984,39637.513298442165,2015-08-31,35885
2015-09-01,32730.686455919888,28515.17108216765,37476.62838212872,2015-09-01,37955
2015-09-02,32186.634807280017,27693.236183702546,36248.97994679156,2015-09-02,36590
2015-09-03,32518.37074583182,28180.28323633329,36967.9427862522,2015-09-03,39619
2015-09-04,36421.56872405463,31799.038467862283,40719.32601360441,2015-09-04,39270
2015-09-05,43222.1204317496,38835.33977160957,47659.39771148177,2015-09-05,47487
2015-09-06,42436.94913339144,37800.75893172991,46438.67897627341,2015-09-06,45248
2015-09-07,34605.48809233494,30034.1933543625,38967.80430156588,2015-09-07,45762
2015-09-08,32211.78999437701,27834.762082589947,36596.06778513375,2015-09-08,36169
2015-09-09,31717.19543521352,27783.088181732248,35927.84537095317,2015-09-09,38102
2015-09-10,32105.32731734375,27566.643375813248,36302.26099527263,2015-09-10,35693
2015-09-11,36070.13643863252,31359.75066113899,40466.70418418394,2015-09-11,40286
2015-09-12,42935.67575985001,38936.53188355834,47128.693007528505,2015-09-12,50103
2015-09-13,42216.96323507501,37606.96814904566,46279.81056284236,2015-09-13,51340
2015-09-14,34451.51034389362,29845.92675610062,38732.25526406771,2015-09-14,38071
2015-09-15,32121.4819018576,27493.863926125032,36468.02750770511,2015-09-15,37425
2015-09-16,31686.41386865553,27410.198781827727,36279.56083663247,2015-09-16,33645
2015-09-17,32128.25468294085,27759.20378419228,36634.47999227919,2015-09-17,33998
2015-09-18,36139.454153450926,31545.743035372918,40384.141497770725,2015-09-18,38689
2015-09-19,43042.77623991155,38644.29860010983,47231.30320094712,2015-09-19,48279
2015-09-20,42352.19458356332,37665.14094934423,46675.69600432534,2015-09-20,49979
2015-09-21,34604.44706113959,30348.01647019962,39117.1501232764,2015-09-21,36145
2015-09-22,32281.214254736296,27934.84903901101,36734.96252437115,2015-09-22,33518
2015-09-23,31841.848074610447,27524.36806028937,36040.90134492802,2015-09-23,33497
2015-09-24,32268.415794941742,27601.214223200102,36280.8495516891,2015-09-24,32967
2015-09-25,36253.78348462113,31736.1417602666,40537.9815574445,2015-09-25,38680
2015-09-26,43121.41534148058,38824.01553725586,47588.87207947525,2015-09-26,46636
2015-09-27,42386.24818228602,37603.31849266727,46618.00528237901,2015-09-27,47613
2015-09-28,34586.21796095599,29982.69430563956,38783.60305600752,2015-09-28,34262
2015-09-29,32204.40399627937,28083.709242503035,36762.172689611136,2015-09-29,30615
2015-09-30,31701.71810267332,27117.591255504143,36097.99810020062,2015-09-30,31270
2015-10-01,32061.90498139643,27658.16736015332,36561.66821966906,2015-10-01,37677
2015-10-02,35979.5790630246,31436.279899187623,40300.01152289561,2015-10-02,44376
2015-10-03,42779.97559505216,38131.84184959293,46964.59206668693,2015-10-03,54687
2015-10-04,41979.77655435326,37425.086501310856,46458.79013246628,2015-10-04,52895
2015-10-05,34118.58958860983,29278.91178656364,38568.59459775725,2015-10-05,42474
2015-10-06,31681.046968803203,27356.344681318864,36080.11811467887,2015-10-06,38855
2015-10-07,31129.452977711684,26684.88894119584,35439.092350581195,2015-10-07,35887
2015-10-08,31448.74722303726,26840.490904714283,35862.046641579705,2015-10-08,37819
2015-10-09,35334.51006323556,30972.206890611043,39916.70259020155,2015-10-09,43595
2015-10-10,42112.68877788646,37473.35628761783,46348.26370166805,2015-10-10,48787
2015-10-11,41300.405716851,36544.03378562792,46004.97811691431,2015-10-11,49704
2015-10-12,33437.42708737981,29150.76271641037,37866.28033426707,2015-10-12,42240
2015-10-13,31008.25960278588,26243.910182871245,35372.73805417549,2015-10-13,35681
2015-10-14,30474.80344189351,25955.224909309127,34821.28768054683,2015-10-14,34248
2015-10-15,30821.328813176013,26450.005631716973,35146.76179908942,2015-10-15,36353
2015-10-16,34742.5019051369,29983.99979684834,39266.88881062538,2015-10-16,38422
2015-10-17,41563.13824810176,37107.30473611554,45636.73061353813,2015-10-17,47813
2015-10-18,40799.04393296763,36350.0185315395,45342.9626138631,2015-10-18,48964
2015-10-19,32988.52239729057,28783.319905838856,37437.48523382204,2015-10-19,35302
2015-10-20,30614.51292118422,26018.90689295369,35028.777528168124,2015-10-20,33104
2015-10-21,30137.28809928,26091.85337923745,34569.01345820944,2015-10-21,32411
2015-10-22,30539.47633103672,26247.06850637639,35173.249327876816,2015-10-22,32770
2015-10-23,34514.13382612973,29617.362631891145,38882.73937484459,2015-10-23,38021
2015-10-24,41384.54286827226,36764.68737996849,45780.62091508689,2015-10-24,45006
2015-10-25,40665.09553931532,36220.97905637298,45186.5160995546,2015-10-25,46179
2015-10-26,32892.83944413575,28320.757437114124,37321.99430478993,2015-10-26,35092
2015-10-27,30549.650513829103,26173.14460638677,34811.59360828135,2015-10-27,32319
2015-10-28,30094.95922370907,25511.85945093573,34700.21091373282,2015-10-28,31267
2015-10-29,30510.79549872403,25985.58246834976,34586.2516829993,2015-10-29,33232
2015-10-30,34489.87621435384,29814.10159321593,39145.0063092625,2015-10-30,40514
2015-10-31,41355.411644198095,36692.07601105672,45678.80988825036,2015-10-31,42743
2015-11-01,40621.989870152654,35764.42230121129,44971.411464792494,2015-11-01,46994
2015-11-02,32827.11572096442,28300.71092916358,37182.69047159381,2015-11-02,36457
2015-11-03,30453.369549990693,26039.258759014745,34736.537028089326,2015-11-03,37997
2015-11-04,29961.112623534103,25445.507759870143,34124.25762879853,2015-11-04,32102
2015-11-05,30333.505014729297,25407.10735234598,34732.94217803146,2015-11-05,34675
2015-11-06,34264.56070258174,29479.54112381616,38465.12123727126,2015-11-06,39621
2015-11-07,41078.91716477191,36151.41870729698,45826.39570318721,2015-11-07,47341
2015-11-08,40292.67953653558,35793.34440154505,44565.33344384133,2015-11-08,48411
2015-11-09,32444.91704553076,27827.12263961844,37038.863574498086,2015-11-09,36915
2015-11-10,30019.77823364901,25531.743535985068,34740.81932150975,2015-11-10,33374
2015-11-11,29479.15295870178,24707.28559513889,34280.30797204016,2015-11-11,33338
2015-11-12,29807.64827887208,25078.327422562452,34139.65876532703,2015-11-12,33242
2015-11-13,33700.60408106573,29158.29299973333,38340.96047928057,2015-11-13,36195
2015-11-14,40483.82682337405,35535.893218101046,45109.24357854786,2015-11-14,47342
2015-11-15,39674.40243631355,34931.76294931452,44402.59059313726,2015-11-15,49755
2015-11-16,31812.16692905507,27218.54356529971,36351.540646762696,2015-11-16,35735
2015-11-17,29381.80188893264,24700.31507490312,33908.04372550893,2015-11-17,29174
2015-11-18,28845.48336844221,24141.491679585863,33104.69887724779,2015-11-18,32160
2015-11-19,29187.85157338993,24505.390242000434,33524.271408562505,2015-11-19,32365
2015-11-20,33104.02732821995,28712.333527575123,37574.20172170161,2015-11-20,38357
2015-11-21,39919.35360427655,35334.791545034735,44537.13718845356,2015-11-21,42793
2015-11-22,39150.222877045526,34401.38518813057,43917.602834376776,2015-11-22,44925
2015-11-23,31335.568394196795,26704.125203923923,35602.19254691973,2015-11-23,35140
2015-11-24,28958.98590864774,24459.065119728846,33197.09009482246,2015-11-24,34222
2015-11-25,28481.413584539987,23866.662847905023,32753.565848182938,2015-11-25,40124
2015-11-26,28886.136577060523,24158.31127331919,33348.50434107373,2015-11-26,23631
2015-11-27,32866.841248090146,27991.691298347097,37258.89329680003,2015-11-27,27581
2015-11-28,39747.39621902668,34993.65070810906,44251.61459198583,2015-11-28,34212
2015-11-29,39042.719902888086,34582.232631153616,43737.52770404692,2015-11-29,37782
2015-11-30,31290.311467055944,26899.09111428766,36169.623103877,2015-11-30,32016
2015-12-01,28972.41067517774,24275.02138109108,33296.75454499692,2015-12-01,34818
2015-12-02,28548.71326768045,23901.7837311218,32515.764804112976,2015-12-02,33732
2015-12-03,29001.407419280837,24392.84279988193,33460.80154995553,2015-12-03,38029
2015-12-04,33023.25538561071,28681.68657898397,37395.47123490182,2015-12-04,38187
2015-12-05,39937.396826692784,35607.6824965212,44485.174959908,2015-12-05,47025
2015-12-06,39258.23289075512,34809.25930014964,43476.82429155921,2015-12-06,48415
2015-12-07,31522.96762069216,26757.46852333365,36344.13718670378,2015-12-07,35408
2015-12-08,29213.77192176245,24425.509201275447,33818.91264570473,2015-12-08,32913
2015-12-09,28790.49672309537,24071.38793415581,33524.4519104669,2015-12-09,33690
2015-12-10,29235.701026530736,24352.686199292315,33824.870645836265,2015-12-10,32159
2015-12-11,33242.71928581072,28738.140176530887,38081.26432628105,2015-12-11,36343
2015-12-12,40135.4450984929,35073.25936164675,44585.331274247765,2015-12-12,45975
2015-12-13,39429.1909371053,35106.140424008896,43912.43328273774,2015-12-13,45133
2015-12-14,31662.20125196488,26933.999155567995,36059.2830937276,2015-12-14,37522
2015-12-15,29317.785058869795,24835.402402377484,33872.67171084508,2015-12-15,36130
2015-12-16,28856.995595240165,24086.242890014106,33648.06845913006,2015-12-16,34123
2015-12-17,29263.62373856064,24717.337705245263,33967.439132894775,2015-12-17,35454
2015-12-18,33232.230648466415,28453.304702655605,37730.92054398018,2015-12-18,34756
2015-12-19,40087.89762239182,35041.552551771485,44532.356931339775,2015-12-19,43488
2015-12-20,39347.05385747382,34730.97361221055,43947.77968368628,2015-12-20,43011
2015-12-21,31548.96034920457,26327.37210299077,36215.36402070124,2015-12-21,35522
2015-12-22,29177.81684291317,24499.57935280489,33536.72188675848,2015-12-22,36612
2015-12-23,28695.420107882102,24014.28746983208,32967.73501242411,2015-12-23,38752
2015-12-24,29086.14077790595,24585.43598539944,33337.81768172024,2015-12-24,36227
2015-12-25,33044.94461864745,28122.77089679011,37514.10641440176,2015-12-25,14
2015-12-26,39897.13644967295,34995.51659035517,44288.20460756729,2015-12-26,38377
2015-12-27,39159.187485648574,34615.326022346686,43549.59701259457,2015-12-27,35378
2015-12-28,31370.22423215309,26720.463618454443,35630.78925327281,2015-12-28,29964
2015-12-29,29014.14559527518,24357.81601748308,33814.3483644983,2015-12-29,31893
2015-12-30,28552.296065690745,23861.452279815272,32845.036782756295,2015-12-30,34127
2015-12-31,28968.46167322816,24168.248247815394,33386.75286556287,2015-12-31,43059
2016-01-01,32956.913904109315,27910.966580714423,37179.78962602038,2016-01-01,32651
2016-01-02,39842.17904175473,34917.19857418717,44684.40381919066,2016-01-02,44737
2016-01-03,39139.89285398886,34261.15687833934,43605.5689242871,2016-01-03,44340
2016-01-04,31388.31787187688,26595.986222326374,35918.41783578583,2016-01-04,36693
2016-01-05,29070.48900903861,24242.11168619126,33876.42843592017,2016-01-05,35306
2016-01-06,28646.9144785288,23743.65693960769,33529.422451905215,2016-01-06,32685
2016-01-07,29100.59783503072,24593.841868653195,33669.15528724135,2016-01-07,35944
2016-01-08,33125.10552762895,28349.442181269304,37737.68521273867,2016-01-08,38936
2016-01-09,40044.35670257098,35598.43459437338,44856.42100224373,2016-01-09,52880
2016-01-10,39373.49456497298,34320.10424808279,44039.49396716545,2016-01-10,47369
2016-01-11,31650.41605556857,26732.14545211833,36205.09201091495,2016-01-11,37986
2016-01-12,29357.925243050653,24384.46231196785,33913.052320349765,2016-01-12,35122
2016-01-13,28956.43718914873,24216.528258331047,33585.27180638512,2016-01-13,32231
2016-01-14,29428.998070138827,24576.266257587995,33960.367329481945,2016-01-14,35856
2016-01-15,33469.34605100674,28913.32524776098,38200.6369919414,2016-01-15,41790
2016-01-16,40401.68991414662,35666.03137052492,44887.02676011397,2016-01-16,51146
2016-01-17,39741.56515628943,35143.215672842125,44462.55472941815,2016-01-17,45533
2016-01-18,32027.344844416457,27213.47136293972,36692.93480584557,2016-01-18,38340
2016-01-19,29742.37127723236,24706.90181523749,34262.6157787727,2016-01-19,31988
2016-01-20,29347.63594821886,24443.501820011865,34237.45606251114,2016-01-20,32684
2016-01-21,29826.774400886607,25033.101928987715,34479.88351913256,2016-01-21,31779
2016-01-22,33874.10132290312,28885.074923718475,38468.3934089238,2016-01-22,36307
2016-01-23,40814.363748379394,35989.9930748777,45293.21366543685,2016-01-23,48927
2016-01-24,40163.572939123966,35133.43999074857,44747.86077221437,2016-01-24,47832
2016-01-25,32460.493055893206,27409.73568290292,37287.27126229772,2016-01-25,34389
2016-01-26,30188.75342386495,25158.19036451185,35073.009313851166,2016-01-26,30446
2016-01-27,29809.51256043324,24846.388518863423,34538.23041928376,2016-01-27,31349
2016-01-28,30306.441120113886,25768.036192452208,34955.661786024815,2016-01-28,32466
2016-01-29,34373.74954331663,29522.771378753016,39003.78714961821,2016-01-29,37639
2016-01-30,41335.93857899359,36651.26046728666,46430.162649901424,2016-01-30,49104
2016-01-31,40708.63340438052,35730.98834578648,45306.30451333322,2016-01-31,50831
2016-02-01,33030.079450982885,28435.67060480789,37853.37988564505,2016-02-01,41714
2016-02-02,30783.266585467463,26049.759702374275,35713.26025904333,2016-02-02,34928
2016-02-03,30428.60950642589,25365.04974493861,35049.49753280326,2016-02-03,39340
2016-02-04,30948.951064110035,26218.151703100822,35693.44337424734,2016-02-04,35424
2016-02-05,35037.613712415805,30150.57824394848,40005.50839578528,2016-02-05,40193
2016-02-06,42018.17657435405,37758.02538171762,46764.26860803798,2016-02-06,55040
2016-02-07,41405.338062941686,36178.7241657253,46254.2725253812,2016-02-07,46893
2016-02-08,33736.44131801113,28728.046118404123,38324.76691286714,2016-02-08,36804
2016-02-09,31493.628213918917,26506.059935634912,36039.28377232461,2016-02-09,38513
2016-02-10,31136.548890023663,26197.841981771933,35725.49151908477,2016-02-10,39353
2016-02-11,31647.392611476964,26503.56341551725,36598.94009410311,2016-02-11,44584
2016-02-12,35718.96430759893,30877.10536908284,40411.9710920696,2016-02-12,44222
2016-02-13,42674.48347026222,37737.22697043399,47639.22800274703,2016-02-13,53715
2016-02-14,42028.46464293396,37130.95332177097,46728.860892712815,2016-02-14,48337
2016-02-15,34318.25615841692,29236.431483135748,38907.05441087384,2016-02-15,46152
2016-02-16,32026.202405425556,26772.399085100555,36734.6576050742,2016-02-16,37702
2016-02-17,31612.356243487106,26567.83275683188,36579.17433856943,2016-02-17,36545
2016-02-18,32059.507194148053,27035.38669136869,36752.73663839248,2016-02-18,36436
2016-02-19,36061.24973539527,31211.133454135856,40959.60523573608,2016-02-19,40392
2016-02-20,42941.76852223688,37445.36649170593,47880.1009784885,2016-02-20,50857
2016-02-21,42216.700062133066,37382.54623143993,47479.43477605553,2016-02-21,52081
2016-02-22,34424.64795120828,29234.73966305393,38872.44676956035,2016-02-22,37328
2016-02-23,32049.317537085048,27101.40296768312,36876.143881037584,2016-02-23,33981
2016-02-24,31552.19733535029,26398.810983911822,36558.994587008085,2016-02-24,34068
2016-02-25,31917.55363633737,26980.633646224243,36467.62522485067,2016-02-25,34615
2016-02-26,35840.46351807993,30889.87011680733,40662.94309799408,2016-02-26,37649
2016-02-27,42646.56403068821,37505.0908182548,47446.22202452124,2016-02-27,47887
2016-02-28,41852.87805082756,36892.72788311533,46245.22794862311,2016-02-28,50915
2016-02-29,33999.29488273473,29011.622934119605,38370.66220109125,2016-02-29,37259
2016-03-01,31570.67241424605,26543.399603838687,36484.845875687824,2016-03-01,36536
2016-03-02,31029.48904356816,26154.20944761337,35831.031379538355,2016-03-02,38458
2016-03-03,31360.81262306696,26143.2410304046,36257.07219193845,2016-03-03,41459
2016-03-04,35260.312343127305,30432.66629315876,40265.770744957,2016-03-04,39325
2016-03-05,42053.99190643498,37186.113855045216,46453.72866092224,2016-03-05,52322
2016-03-06,41259.00493812732,36313.593769381776,46011.58580862047,2016-03-06,57218
2016-03-07,33415.13100337395,28489.70628141881,37945.33193758112,2016-03-07,40562
2016-03-08,31006.87917703237,25777.523854121344,36104.86182111765,2016-03-08,37727
2016-03-09,30496.147354253702,25509.12813680535,35608.066125984,2016-03-09,37032
2016-03-10,30867.20435939668,25845.727977802235,35773.23489659784,2016-03-10,38267
2016-03-11,34814.720431022,29667.93902915753,39708.13540839255,2016-03-11,40887
2016-03-12,41663.52394161584,36368.02964509899,46542.57069725962,2016-03-12,52711
2016-03-13,40929.44467378529,35909.6891213368,45598.18599681386,2016-03-13,51421
2016-03-14,33150.82128598636,27916.07005203674,37818.25347454847,2016-03-14,42035
2016-03-15,30810.6390806693,25734.053915641307,35986.71762310168,2016-03-15,40117
2016-03-16,30369.22536244139,25166.044212496472,35168.45151800437,2016-03-16,36606
2016-03-17,30809.268496982048,26013.80597541581,35573.39647145744,2016-03-17,35009
2016-03-18,34823.88528484806,29682.296383734694,39574.11653726693,2016-03-18,39652
2016-03-19,41736.41355348581,36556.25379878277,46643.68998762563,2016-03-19,46181
2016-03-20,41061.28936955225,35962.74096010841,45845.72418261536,2016-03-20,47825
2016-03-21,33335.58564513484,28427.04003894661,38243.125880771855,2016-03-21,37360
2016-03-22,31041.17747640949,25896.361735096816,35830.711520550285,2016-03-22,35475
2016-03-23,30637.46083088991,25407.669168575678,35511.33329065908,2016-03-23,34786
2016-03-24,31106.39014721462,25853.880111573035,35822.677524517734,2016-03-24,34003
2016-03-25,35140.55904949441,29780.26907386976,40128.350840827785,2016-03-25,45611
2016-03-26,42063.00081494121,37064.2569528943,47006.57908223203,2016-03-26,53863
2016-03-27,41388.067883800766,36304.13620627133,46133.441461891074,2016-03-27,46360
2016-03-28,33652.96722642664,28457.458237800824,38631.42238768253,2016-03-28,36041
2016-03-29,31339.917096643432,26173.805499674127,36158.42689303256,2016-03-29,33857
2016-03-30,30908.85212227099,25875.31974396271,35721.73090692486,2016-03-30,32359
2016-03-31,31342.4427625156,26127.39918117332,36173.1213891336,2016-03-31,34681
2016-04-01,35334.15391687089,30115.79790659354,40278.92949252635,2016-04-01,45536
2016-04-02,42208.02000528921,36875.27585991132,47072.75886368002,2016-04-02,52672
2016-04-03,41479.49656734805,36495.56676512517,46647.751969483295,2016-04-03,56425
2016-04-04,33686.96600839458,28723.971027087613,38547.893862473975,2016-04-04,40418
2016-04-05,31313.86386585033,26208.378272089823,35778.45544434888,2016-04-05,39683
2016-04-06,30821.353396546605,25916.758845734083,36276.5110710244,2016-04-06,39134
2016-04-07,31193.315345603038,25792.165345597088,36033.453933462326,2016-04-07,38116
2016-04-08,35124.37847072535,30224.928345437733,39918.13347536493,2016-04-08,43220
2016-04-09,41939.668865904496,36777.01269778936,46865.31948865011,2016-04-09,56340
2016-04-10,41155.63877246621,35714.10602422726,46079.93817235976,2016-04-10,53856
2016-04-11,33311.55304410792,28762.66033233828,38434.22187482754,2016-04-11,42427
2016-04-12,30891.60006268676,25892.35457132962,35918.97066049732,2016-04-12,39069
2016-04-13,30357.55520327248,25162.055187022444,35248.96619792994,2016-04-13,35193
2016-04-14,30693.763875386205,25952.501243705898,35758.57349427808,2016-04-14,37529
2016-04-15,34595.169745942505,29571.58844915831,39607.68314901259,2016-04-15,41789
2016-04-16,41387.06608755931,36172.36483849356,46498.510652738965,2016-04-16,48362
2016-04-17,40585.93071284404,35545.27450572469,45874.21470384036,2016-04-17,51640
2016-04-18,32730.9223172102,27540.79898889255,37785.64177992853,2016-04-18,38059
2016-04-19,30306.00457799787,25168.24115152927,35248.18086323973,2016-04-19,37570
2016-04-20,29772.62557139433,24500.80974640325,34334.745332332575,2016-04-20,35343
2016-04-21,30114.71892672786,24807.025593561462,34945.97411958579,2016-04-21,35033
2016-04-22,34026.75166631654,28921.52942927705,38790.80053028667,2016-04-22,40517
2016-04-23,40833.49598870084,35334.90588579893,45852.3300853608,2016-04-23,48962
2016-04-24,40050.884763692426,34827.02609996318,44924.09682864307,2016-04-24,49795
